"Type","ID","Description","GeneRatio","BgRatio","pvalue","p.adjust","qvalue","geneID","Count"
"GO","GO:0030522","intracellular receptor signaling pathway","78/1618","353/18870",3.85758490514903e-15,2.24858624121137e-11,1.6827191417829e-11,"RARA/F2RL1/TRIM31/CITED2/PML/RARB/DHRS3/BIRC3/NR1H4/PELI1/CALCOCO1/FOXP1/MN1/DCBLD2/PIM1/AKR1C3/STRN3/MYD88/EP300/NR3C1/DHX58/PUM1/NOP53/NLRP3/RORC/HNF4G/GPATCH3/PIK3AP1/ZMIZ1/RIPK2/ISL1/RSAD2/NEDD4/NR2F1/NR4A2/NOD1/NKX3-1/BMP2/AHR/GBP2/ALPK1/KLF2/USP15/NR4A3/NR1D1/NFKBIA/NOD2/PER1/GPER1/WBP2/ANKRD17/PRKD1/TRIM24/LBH/TNFAIP3/NR5A2/CYP26B1/ALOXE3/NR1I2/SIRT1/ARID1A/TP63/NR3C2/TKFC/AR/SIRT2/TRERF1/PLCG2/EIF2AK2/STING1/TLR3/PTPN22/PTGIS/SLC15A3/OAS3/TLR4/TICAM1/NR4A1",78
"GO","GO:0001763","morphogenesis of a branching structure","48/1618","203/18870",6.48262433586611e-11,1.34551855305658e-07,1.00691260284177e-07,"MYC/EPHA2/GRHL2/SOCS3/FGF2/GBX2/PML/SOX9/NFATC4/SIX4/EDN1/SPRY2/PTCH1/CSF1/PBX1/FRS2/SIX1/HOXA5/FOXC2/SPRY1/GZF1/ADM/COL4A1/NKX3-1/BMP2/EYA1/KDM5B/SHH/SETD2/HOXA13/WNT2B/NOG/PRDM1/LRRK2/MMP14/TMED2/HOXB13/TBX20/FZD5/CASR/FGF1/DCHS1/TP63/DLX2/EXT1/AR/GLI2/GNA13",48
"GO","GO:0072001","renal system development","65/1618","324/18870",6.92495395294173e-11,1.34551855305658e-07,1.00691260284177e-07,"PDGFB/RARA/MYC/LIF/SMAD7/FGF2/ARID5B/EGR1/SOX9/RARB/SIX4/SOX4/ODC1/ACVR2B/PTCH1/OSR2/CD24/MEF2C/PBX1/SIX1/FLCN/CNTRL/GLIS2/FOXC2/MTSS1/EFNB2/SPRY1/GZF1/COL4A1/GCNT1/NKX3-1/BMP2/PODXL/EYA1/SHH/ERBB4/WNT2B/SDC1/NOG/TIPARP/GCNT4/PRDM1/CDKN1C/LRRK2/MPV17/PRICKLE1/ADAMTS6/CTNS/STRA6/CYP26B1/FGF1/IFT27/DCHS1/OVOL1/ACE/EXT1/ASS1/ADAMTS1/GATA3/SLC22A1/ACTA2/GLI2/STAT1/EPHA4/HAS2",65
"GO","GO:0001822","kidney development","63/1618","314/18870",1.35354326053465e-10,1.89312187450485e-07,1.41670902257281e-07,"PDGFB/RARA/MYC/LIF/SMAD7/FGF2/ARID5B/EGR1/SOX9/RARB/SIX4/SOX4/ODC1/ACVR2B/PTCH1/OSR2/CD24/MEF2C/PBX1/SIX1/FLCN/CNTRL/GLIS2/FOXC2/MTSS1/EFNB2/SPRY1/GZF1/GCNT1/NKX3-1/BMP2/PODXL/EYA1/SHH/ERBB4/WNT2B/SDC1/NOG/TIPARP/GCNT4/PRDM1/CDKN1C/LRRK2/MPV17/ADAMTS6/CTNS/STRA6/CYP26B1/FGF1/IFT27/DCHS1/OVOL1/ACE/EXT1/ASS1/ADAMTS1/GATA3/SLC22A1/ACTA2/GLI2/STAT1/EPHA4/HAS2",63
"GO","GO:0071496","cellular response to external stimulus","67/1618","346/18870",1.76423731744965e-10,1.89312187450485e-07,1.41670902257281e-07,"SLC2A1/CDKN1A/ANKRD1/FOSL1/GADD45A/PDK4/FOS/PTGER4/ADORA2B/CPEB4/FGF2/NUAK1/MAP3K1/KLF10/NUAK2/JMY/CREBBP/SOX9/NFE2L2/NR1H4/PLD1/ZC3H12A/MN1/TNFRSF10A/PIM1/AMBRA1/AKR1C3/MYD88/EP300/IL1B/FLCN/MAP3K5/SESN1/MAP3K14/RICTOR/GDAP1/ERCC6/NFKB1/NR4A2/TNRC6A/UCP2/CASTOR1/BMT2/ATF3/BHLHA15/PMAIP1/WNT2B/MLXIPL/MFSD2A/LRRK2/BCL10/TSSK3/MAP2K4/PRKD1/COL1A1/TRIM24/CDKN2B/UCN3/UCN2/CASR/IRF1/SIRT1/FAS/PTGS2/EIF2AK2/TLR3/TLR4",67
"GO","GO:0050673","epithelial cell proliferation","84/1618","480/18870",1.94865864591338e-10,1.89312187450485e-07,1.41670902257281e-07,"PDGFB/CDKN1A/MYC/THBS1/EPHA2/F3/EGR3/FGF2/WNT7A/SRSF6/SOX9/CCL2/SIX4/PRKD2/IQGAP3/KLF9/PTCH1/THAP1/DUSP10/OSR2/SGPP2/FERMT1/MEF2C/FUT2/FRS2/TCF7L2/FGFR1/SIX1/FLCN/WDR77/HOXA5/NFKBIZ/RICTOR/MTSS1/EFNB2/EREG/RUNX2/HYAL1/WDR13/NKX3-1/ALOX5/EYA1/SPINK1/KDM5B/SHH/NKX6-1/RREB1/RUNX3/NR4A3/NR1D1/RGCC/FST/NOD2/NOG/PLXNB3/ZFP36L1/ODAM/CDKN1C/POLD4/COL8A1/MMP14/PRKD1/TRIM24/ACVR2A/CDKN2B/TNFAIP3/JCAD/IL6/APOE/FGF1/SIRT1/TP63/OVOL1/IL12A/IGFBP3/AR/FGFBP1/GATA3/ANG/FAP/STAT1/IRS2/HAS2/NR4A1",84
"GO","GO:0002237","response to molecule of bacterial origin","69/1618","369/18870",4.61746822264181e-10,3.46248676921801e-07,2.59113600267978e-07,"RARA/ANKRD1/FOS/PTGER4/ARID5A/CCL2/EPHB2/SERPINE1/NR1H4/EDN1/NOCT/ZC3H12A/PELI1/FOXP1/IRAK2/CXCL8/IRF8/DUSP10/PDCD4/IL1A/MYD88/CD24/IL1B/MEF2C/NFKBIZ/HDAC5/FOSL2/NLRP3/CD274/NFKB2/RIPK2/NFKB1/ADM/CMPK2/AHR/GBP2/CYP1A1/CXCL2/CXCL1/NR1D1/CSF2/NFKBIA/NOD2/TSPO/ABCA1/PTGFR/CXCL3/BCL10/CNP/TNFAIP3/TNFRSF1B/FZD5/IL6/TRIB1/ADH5/IL12A/ACE/SLPI/ASS1/CASP7/LGALS9/ADAMTS13/PLCG2/PTGS2/PRKCE/PTPN22/TLR4/TICAM1/NR4A1",69
"GO","GO:0061138","morphogenesis of a branching epithelium","44/1618","187/18870",4.75208340259806e-10,3.46248676921801e-07,2.59113600267978e-07,"MYC/EPHA2/GRHL2/SOCS3/FGF2/GBX2/PML/SOX9/NFATC4/SIX4/EDN1/SPRY2/PTCH1/CSF1/PBX1/FRS2/SIX1/HOXA5/FOXC2/SPRY1/GZF1/ADM/COL4A1/NKX3-1/BMP2/EYA1/KDM5B/SHH/HOXA13/WNT2B/NOG/MMP14/TMED2/HOXB13/TBX20/FZD5/CASR/FGF1/DCHS1/TP63/EXT1/AR/GLI2/GNA13",44
"GO","GO:0032496","response to lipopolysaccharide","66/1618","348/18870",5.99833141717165e-10,3.88491931452151e-07,2.90726144944554e-07,"RARA/ANKRD1/FOS/PTGER4/ARID5A/CCL2/EPHB2/SERPINE1/NR1H4/EDN1/NOCT/ZC3H12A/PELI1/FOXP1/IRAK2/CXCL8/IRF8/DUSP10/PDCD4/IL1A/MYD88/IL1B/MEF2C/NFKBIZ/HDAC5/FOSL2/NLRP3/CD274/NFKB2/RIPK2/NFKB1/ADM/CMPK2/GBP2/CYP1A1/CXCL2/CXCL1/NR1D1/CSF2/NFKBIA/NOD2/TSPO/ABCA1/PTGFR/CXCL3/BCL10/CNP/TNFAIP3/TNFRSF1B/IL6/TRIB1/ADH5/IL12A/ACE/SLPI/ASS1/CASP7/LGALS9/ADAMTS13/PLCG2/PTGS2/PRKCE/PTPN22/TLR4/TICAM1/NR4A1",66
"GO","GO:0060562","epithelial tube morphogenesis","64/1618","334/18870",7.06819949160338e-10,4.12005348365561e-07,3.08322302033731e-07,"CXCR4/RARA/MYC/EPHA2/RHOB/GRHL2/FGF2/GBX2/CITED2/PML/SOX9/NFATC4/SIX4/EDN1/PRKD2/FOXP1/SPRY2/PTCH1/PLXNB2/NR3C1/CSF1/MEF2C/PBX1/SIX1/BRD2/HOXA5/RNF207/FOXC2/MTSS1/EFNB2/SPRY1/GZF1/GRHL3/ADM/COL4A1/SALL4/MESP1/NKX3-1/BMP2/DLC1/PODXL/EYA1/TBX6/KDM5B/SHH/SETD2/WNT2B/NOG/STARD13/MMP14/TMED2/BCL10/PRICKLE1/CTNS/TBX20/CASR/FGF1/DCHS1/EXT1/AR/GATA3/GLI2/GNA13/EPHA4",64
"GO","GO:0061448","connective tissue development","57/1618","285/18870",1.15694392532417e-09,6.13075103701326e-07,4.58791925985011e-07,"PDGFB/CCN2/RARA/CCN1/SLC25A25/SLC26A2/SMAD7/CHSY1/FGF2/ARID5B/EGR1/WNT7A/SOX9/RUNX1/ARID5A/RARB/STC1/NR1H4/EDN1/ARRDC3/OSR2/CSF1/PKDCC/HOXA3/MEF2C/KLF7/HOXA5/RASAL2/FOSL2/RORC/FOXC2/PBXIP1/THBS3/TRPS1/RUNX2/HYAL1/HMGA2/BMP2/NFATC2/RUNX3/WNT2B/NOG/COL11A2/MEF2D/PTHLH/COL1A1/SCIN/CASR/FGFR3/SIRT1/CHST11/DLX2/EXT1/GATA3/ACTA2/SOX6/SNAI1",57
"GO","GO:0045785","positive regulation of cell adhesion","82/1618","482/18870",1.29716736761871e-09,6.30099048820787e-07,4.7153171679052e-07,"PDGFB/RARA/CCN1/BCL6/LIF/SMAD7/EGR3/CITED2/ABL2/RUNX1/CCL2/SOX4/PRKD2/NEDD9/AMBRA1/ITPKB/DUSP10/IL1A/FERMT1/CD24/CSF1/TNFRSF14/IL1B/FLCN/NFKBIZ/AGR2/NLRP3/ADAM8/VNN1/ZFHX3/FOXC2/CD274/ZMIZ1/EFNB2/RIPK2/FRMD5/NFAT5/MAP3K8/LAMA2/GCNT1/HYAL1/ANK3/ANXA1/FSTL3/ALOX5/TRIOBP/PODXL/COL16A1/SHH/VTCN1/AGER/RREB1/RUNX3/NR4A3/ACTB/CHST4/NOD2/SOCS1/ARID2/COL8A1/VSIR/PRKCQ/BCL10/CSPG5/IL4I1/IL6/EFEMP2/ARID1A/PLAUR/IL12A/LGALS9/GATA3/ADAM19/ITGA5/FBLN2/PRKCE/PTPN22/GLI2/EPHA4/HAS2/RSU1/TJP1",82
"GO","GO:1903706","regulation of hemopoiesis","73/1618","417/18870",2.99302644941898e-09,1.34202701335871e-06,1.00429972521395e-06,"RARA/MYC/BCL6/LIF/SMAD7/FOS/JUNB/EGR3/INHBA/KLF10/BRPF1/RUNX1/SOX4/ZC3H12A/FOXP1/NEDD9/AMBRA1/ITPKB/DUSP10/CSF1/MEF2C/TCIM/HOXA5/NFKBIZ/BRD1/NLRP3/ADAM8/RC3H1/VNN1/RIPK1/ZMIZ1/RIPK2/ZBTB46/IL15RA/KAT6A/ANXA1/FSTL3/H4C14/SHH/TNFAIP6/AGER/RUNX3/MYB/L3MBTL1/ACTB/NFKBIA/SOCS1/CNOT4/PIK3R1/ZFP36L1/PRDM1/ARID2/TMEM178A/MMP14/VSIR/IL4I1/MEIS1/ACVR2A/SCIN/ZNF675/CYP26B1/IRF1/TRIB1/ARID1A/ERFE/INHA/LGALS9/GATA3/IKZF3/TLR3/GLI2/STAT1/TLR4",73
"GO","GO:0009615","response to virus","75/1618","436/18870",4.02710476413699e-09,1.67671383358247e-06,1.25476106335216e-06,"CXCR4/FOSL1/F2RL1/TRIM31/POLR3H/IRF2/PML/ZC3H12A/ODC1/RTP4/TRIM38/MST1R/MYD88/SAMHD1/IL1B/DHX36/DHX58/STAT2/SLFN13/TRIM21/NLRP3/MOV10/MAP3K14/GPATCH3/RSAD2/USP18/NFKB1/APOBEC3B/MX2/GBP1/HYAL1/HMGA2/TRIM26/GBP2/ZC3HAV1/IFIT1/SETD2/PMAIP1/NT5C3A/PARP9/MORC3/APOBEC3G/IKBKE/NLRC5/MX1/STMN1/VWCE/IFIT5/NPC2/NMI/TNFAIP3/TRAF3/IL6/IRF1/EXOSC5/IL12A/SENP7/EXT1/TKFC/DDX60L/LGALS9/GATA3/ISG20/SIRT2/EIF2AK2/IFIT1B/STING1/TLR3/TRIM22/ACTA2/PTPN22/STAT1/OAS3/TICAM1/IFI27",75
"GO","GO:0050678","regulation of epithelial cell proliferation","71/1618","407/18870",5.73390350554136e-09,2.22819490225337e-06,1.66745937733077e-06,"PDGFB/MYC/THBS1/F3/EGR3/FGF2/WNT7A/SRSF6/SOX9/CCL2/SIX4/PRKD2/IQGAP3/KLF9/PTCH1/DUSP10/OSR2/SGPP2/MEF2C/FUT2/FRS2/TCF7L2/FGFR1/SIX1/FLCN/WDR77/HOXA5/RICTOR/MTSS1/EFNB2/EREG/RUNX2/HYAL1/WDR13/NKX3-1/ALOX5/EYA1/SPINK1/KDM5B/SHH/RREB1/RUNX3/NR4A3/NR1D1/RGCC/NOD2/NOG/PLXNB3/ZFP36L1/ODAM/CDKN1C/POLD4/PRKD1/TRIM24/CDKN2B/TNFAIP3/JCAD/APOE/FGF1/SIRT1/TP63/OVOL1/IL12A/AR/FGFBP1/GATA3/ANG/STAT1/IRS2/HAS2/NR4A1",71
"GO","GO:0007249","canonical NF-kappaB signal transduction","57/1618","300/18870",8.26704558670137e-09,3.01178804530514e-06,2.25385769153227e-06,"SLC20A1/F2RL1/BIRC3/NR1H4/EDN1/ZC3H12A/PELI1/TNFSF10/PLK2/IRAK2/TRIM38/IL1A/MYD88/SNIP1/IL1B/DHX36/TRIM21/RIPK1/MAP3K14/NFKB2/RIPK2/NFKB1/NOD1/PELI2/BRD4/RELB/ALPK1/NR1D1/NFKBIA/OPTN/NOD2/PLEKHG5/PER1/IKBKE/OTUD7B/APOL3/ANKRD17/REL/BCL10/FBXW11/IFIT5/PRKD1/TNFAIP3/ZNF675/TRAF3/SIRT1/SECTM1/TRAF1/LGALS9/PLCG2/PRKCE/TLR3/TRIM22/MIER1/STAT1/TLR4/TICAM1",57
"GO","GO:0031667","response to nutrient levels","81/1618","495/18870",1.02215919838858e-08,3.50480351023944e-06,2.622803540633e-06,"SLC2A1/CDKN1A/RARA/SLC25A25/GDF15/CHSY1/PDK4/FOS/CPEB4/NUAK1/KLF10/NUAK2/JMY/CREBBP/NFE2L2/STC1/NR1H4/PLD1/ZC3H12A/MN1/MBD1/PIM1/AMBRA1/AKR1C3/IL1A/EP300/FLCN/GIPR/MAP3K5/RASAL2/NFKBIZ/SESN1/LRAT/RICTOR/IL15RA/GDAP1/ADM/TNRC6A/UCP2/RUNX2/ADRB2/CASTOR1/CYP1A1/FOXO4/BMT2/SPINK1/ATF3/BHLHA15/PMAIP1/WNT2B/MLXIPL/NOD2/TSPO/MFSD2A/SLC22A3/ABCA1/LRRK2/BCAS3/OGG1/BCL10/TSSK3/ADSL/PRKD1/COL1A1/TRIM24/CDKN2B/UCP3/UCN3/CYP26B1/UCN2/CASR/APOE/SIRT1/FAS/ACE/ASS1/SIRT2/PTGS2/EIF2AK2/STAT1/SSTR2",81
"GO","GO:0002064","epithelial cell development","45/1618","214/18870",1.30833210854039e-08,4.23681547815662e-06,3.17060132034583e-06,"PDGFB/CXCR4/CDKN1A/RARA/EPHA2/F2RL1/GRHL2/WNT7A/FRMD6/SOX9/RARB/STC1/TIGAR/IL1A/MYD88/EXPH5/IL1B/FRS2/HOXA5/FOSL2/VEZF1/FOXC2/CLDN3/ICAM1/PODXL/RFX3/RAPGEF3/NKX6-1/ARID4B/BHLHA15/HOXA13/SDC1/TJP2/PRDM1/HOXB13/PDE4D/CDSN/FZD5/SLC9A4/TP63/AR/FNDC3A/ACTA2/ABCA12/TJP1",45
"GO","GO:0048705","skeletal system morphogenesis","47/1618","230/18870",1.61970270930208e-08,4.96907741711674e-06,3.71858616473563e-06,"CCN2/RARA/CSRNP1/GRHL2/CHSY1/ARID5B/WNT7A/CITED2/NDST1/SOX9/RARB/DHRS3/SIX4/STC1/HOXB5/ACVR2B/OSR2/HOXA3/MEF2C/FGFR1/SIX1/ZFAND5/HOXA5/FOSL2/FOXC2/THBS3/RUNX2/HYAL1/ALX1/ATG9B/EYA1/SETD2/NOG/TIPARP/MMP14/SP5/MEF2D/COL1A1/CYP26B1/HOXC9/FGFR3/CHST11/MMP16/DLX2/EXT1/SOX6/HAS2",47
"GO","GO:0010720","positive regulation of cell development","74/1618","444/18870",2.03348694769741e-08,5.65278596493684e-06,4.23023630282314e-06,"CXCR4/RARA/SKIL/SEMA7A/BCL6/LIF/SMAD7/FOS/EGR3/FGF2/KLF10/RUNX1/EPHB2/SOX4/RASSF10/EGR2/NEDD9/AMBRA1/ITPKB/DUSP10/PLXNB2/BDNF/SPEN/CSF1/IL1B/DHX36/NFKBIZ/CUL7/NLRP3/ADAM8/VNN1/RIPK1/ZMIZ1/RIPK2/ZBTB46/IL15RA/PDE3A/NEFL/ZNF335/ANXA1/MYRF/BMP2/SHH/RFX3/AGER/CDKL5/NKX6-1/RUNX3/MYB/ACTB/PLXNB3/TSPO/SOCS1/ZFP36L1/RELN/GPER1/ARID2/MMP14/GJC2/VSIR/PLXNA3/IL4I1/TNFRSF1B/IL6/ZNF365/TRIB1/ARID1A/ACE/LGALS9/GATA3/SIRT2/PLXNA2/GLI2/EPHA4",74
"GO","GO:0071219","cellular response to molecule of bacterial origin","48/1618","239/18870",2.03651578767668e-08,5.65278596493684e-06,4.23023630282314e-06,"RARA/ANKRD1/ARID5A/CCL2/EPHB2/SERPINE1/NR1H4/ZC3H12A/IRAK2/CXCL8/IRF8/PDCD4/IL1A/MYD88/IL1B/MEF2C/NFKBIZ/HDAC5/NLRP3/CD274/RIPK2/NFKB1/CMPK2/AHR/GBP2/CXCL2/CXCL1/NR1D1/CSF2/NFKBIA/NOD2/TSPO/ABCA1/CXCL3/BCL10/TNFAIP3/TNFRSF1B/FZD5/IL6/TRIB1/ASS1/CASP7/ADAMTS13/PLCG2/PRKCE/PTPN22/TLR4/TICAM1",48
"GO","GO:0050867","positive regulation of cell activation","68/1618","396/18870",2.29679351687639e-08,6.08545882266931e-06,4.55402504016066e-06,"CDKN1A/RARA/THBS1/BCL6/F2RL1/EGR3/ADORA2B/ABL2/RUNX1/CCL2/EPHB2/SOX4/PELI1/AMBRA1/ITPKB/DUSP10/KMT5C/IL1A/MYD88/CD24/TNFRSF14/IL1B/MEF2C/NFKBIZ/NLRP3/ADAM8/VNN1/CD274/ZMIZ1/EFNB2/RIPK2/IL15RA/RIF1/MAP3K8/ZNF335/ANXA1/NFATC2/SHH/VTCN1/AGER/RUNX3/MYB/NR4A3/ACTB/NOD2/SOCS1/ARID2/LRRK2/DDR2/MMP14/VSIR/PRKCQ/BCL10/IL4I1/HLA-F/HAVCR1/IL6/ARID1A/IL12A/LGALS9/GATA3/ACTA2/PTPN22/GLI2/ITGAM/IRS2/TLR4/TICAM1",68
"GO","GO:0035988","chondrocyte proliferation","13/1618","25/18870",2.51441983014473e-08,6.3306734431973e-06,4.73753027035595e-06,"CCN2/SLC26A2/SMAD7/SOX9/STC1/FOSL2/PBXIP1/HMGA2/DDR2/MMP14/FGFR3/MMP16/EXT1",13
"GO","GO:0071222","cellular response to lipopolysaccharide","46/1618","226/18870",2.60655622982905e-08,6.3306734431973e-06,4.73753027035595e-06,"RARA/ANKRD1/ARID5A/CCL2/EPHB2/SERPINE1/NR1H4/ZC3H12A/IRAK2/CXCL8/IRF8/PDCD4/IL1A/MYD88/IL1B/MEF2C/NFKBIZ/HDAC5/NLRP3/CD274/RIPK2/NFKB1/CMPK2/GBP2/CXCL2/CXCL1/NR1D1/CSF2/NFKBIA/NOD2/TSPO/ABCA1/CXCL3/BCL10/TNFAIP3/TNFRSF1B/IL6/TRIB1/ASS1/CASP7/ADAMTS13/PLCG2/PRKCE/PTPN22/TLR4/TICAM1",46
"GO","GO:0060485","mesenchyme development","59/1618","327/18870",3.22671769100109e-08,7.52341496833815e-06,5.63011288905623e-06,"MYC/SEMA7A/SMAD7/EFNA1/GBX2/POLR1B/CITED2/SOX9/KBTBD8/SIX4/SOX4/EDN1/SPRY2/PDCD4/ERBB3/IL1B/SEMA6A/MEF2C/TCF7L2/FGFR1/SIX1/AKNA/BAMBI/APC/HOXA5/CUL7/ADAM8/FOXC2/SPRY1/ISL1/SEMA4G/NRG1/ALX1/SEMA3A/MESP1/HMGA2/BMP2/SHH/ERBB4/RGCC/NOG/ZFP36L1/WNT10A/PRICKLE1/COL1A1/TBX20/MCRIP1/IL6/RBM24/CRELD1/DCHS1/EXT1/GATA3/SEMA3G/ACTA2/STAT1/SNAI1/EPHA4/HAS2",59
"GO","GO:0002221","pattern recognition receptor signaling pathway","47/1618","236/18870",3.74296464326215e-08,8.03992726939335e-06,6.01664248708654e-06,"FOSL1/F2RL1/TRIM31/BIRC3/NR1H4/PELI1/IRAK2/MYD88/DHX58/PUM1/NOP53/NFKBIZ/NLRP3/GPATCH3/PIK3AP1/RIPK2/RSAD2/NOD1/OTUD4/GBP2/ALPK1/COLEC10/USP15/NR1D1/NFKBIA/NOD2/PIK3R1/ANKRD17/BCL10/PRKD1/NMI/TNFAIP3/TRAF3/IRF1/TKFC/SIRT2/PLCG2/PRKCE/EIF2AK2/STING1/TLR3/PTPN22/CYBA/SLC15A3/OAS3/TLR4/TICAM1",47
"GO","GO:0051216","cartilage development","43/1618","207/18870",3.97326035705881e-08,8.03992726939335e-06,6.01664248708654e-06,"CCN2/RARA/CCN1/SLC26A2/SMAD7/CHSY1/FGF2/WNT7A/SOX9/RUNX1/ARID5A/RARB/STC1/EDN1/OSR2/PKDCC/HOXA3/MEF2C/HOXA5/FOSL2/PBXIP1/THBS3/TRPS1/RUNX2/HYAL1/HMGA2/BMP2/NFATC2/RUNX3/WNT2B/NOG/COL11A2/MEF2D/PTHLH/COL1A1/SCIN/FGFR3/CHST11/DLX2/EXT1/GATA3/SOX6/SNAI1",43
"GO","GO:0002720","positive regulation of cytokine production involved in immune response","24/1618","81/18870",3.99985642877695e-08,8.03992726939335e-06,6.01664248708654e-06,"SEMA7A/F2RL1/ARID5A/MYD88/PANX1/TNFRSF14/IL1B/DHX36/NLRP3/RIPK2/RSAD2/NOD1/NR4A3/NOD2/BCL10/HLA-F/FZD5/IL6/SIRT1/GATA3/PLCG2/TLR3/TLR4/TICAM1",24
"GO","GO:1902105","regulation of leukocyte differentiation","58/1618","321/18870",3.99996381561858e-08,8.03992726939335e-06,6.01664248708654e-06,"RARA/MYC/BCL6/LIF/SMAD7/FOS/JUNB/EGR3/INHBA/KLF10/RUNX1/SOX4/ZC3H12A/FOXP1/NEDD9/AMBRA1/ITPKB/DUSP10/CSF1/NFKBIZ/NLRP3/ADAM8/RC3H1/VNN1/RIPK1/ZMIZ1/RIPK2/ZBTB46/IL15RA/ANXA1/FSTL3/SHH/TNFAIP6/AGER/RUNX3/ACTB/SOCS1/PIK3R1/ZFP36L1/PRDM1/ARID2/TMEM178A/MMP14/VSIR/IL4I1/ZNF675/CYP26B1/IRF1/TRIB1/ARID1A/ERFE/INHA/LGALS9/GATA3/IKZF3/TLR3/GLI2/TLR4",58
"GO","GO:0001666","response to hypoxia","55/1618","298/18870",4.24936197929107e-08,8.25651032576255e-06,6.17872141830954e-06,"SLC2A1/CXCR4/MYC/THBS1/PLK3/LIF/FOS/EGR1/ANGPTL4/CITED2/PML/CREBBP/NFE2L2/STC1/SOX4/EDN1/GATA6/TIGAR/IL1A/EP300/CD24/NOP53/FOSL2/ADAM8/DIO3/ADM/NR4A2/UCP2/CLDN3/NKX3-1/BMP2/CYP1A1/AGER/MYB/PMAIP1/EGLN3/RGCC/NDRG1/ZFP36L1/DDR2/MMP14/PGK1/ADSL/UCP3/UCN3/CASR/SIRT1/ACE/ANG/SIRT2/PTGS2/PRKCE/PTGIS/EPHA4/TMBIM6",55
"GO","GO:0036293","response to decreased oxygen levels","57/1618","315/18870",4.95743821440725e-08,9.32158301670318e-06,6.97576365382127e-06,"SLC2A1/CXCR4/MYC/THBS1/PLK3/LIF/FOS/CPEB4/EGR1/ANGPTL4/CITED2/PML/CREBBP/NFE2L2/STC1/SOX4/EDN1/GATA6/TIGAR/IL1A/EP300/CD24/NOP53/FOSL2/ADAM8/DIO3/ADM/NR4A2/UCP2/CLDN3/NKX3-1/BMP2/CYP1A1/AGER/MYB/PMAIP1/EGLN3/RGCC/NDRG1/ZFP36L1/DDR2/MMP14/PGK1/ADSL/UCP3/UCN3/CASR/SIRT1/ACE/ANG/SIRT2/PTGS2/PRKCE/PTGIS/OXTR/EPHA4/TMBIM6",57
"GO","GO:0002696","positive regulation of leukocyte activation","65/1618","380/18870",5.43676782408198e-08,9.90341238955433e-06,7.41117298124859e-06,"CDKN1A/RARA/THBS1/BCL6/F2RL1/EGR3/ADORA2B/ABL2/RUNX1/CCL2/EPHB2/SOX4/PELI1/AMBRA1/ITPKB/DUSP10/KMT5C/IL1A/MYD88/CD24/TNFRSF14/IL1B/MEF2C/NFKBIZ/NLRP3/ADAM8/VNN1/CD274/ZMIZ1/EFNB2/RIPK2/IL15RA/RIF1/MAP3K8/ZNF335/ANXA1/NFATC2/SHH/VTCN1/AGER/RUNX3/NR4A3/ACTB/NOD2/SOCS1/ARID2/LRRK2/MMP14/VSIR/PRKCQ/BCL10/IL4I1/HLA-F/HAVCR1/IL6/ARID1A/IL12A/LGALS9/GATA3/PTPN22/GLI2/ITGAM/IRS2/TLR4/TICAM1",65
"GO","GO:0002753","cytosolic pattern recognition receptor signaling pathway","34/1618","146/18870",5.73301714719002e-08,1.01265930154456e-05,7.57818917319153e-06,"F2RL1/TRIM31/BIRC3/NR1H4/PELI1/MYD88/DHX58/PUM1/NOP53/NLRP3/GPATCH3/PIK3AP1/RIPK2/RSAD2/NOD1/GBP2/ALPK1/USP15/NFKBIA/NOD2/ANKRD17/PRKD1/TNFAIP3/TKFC/SIRT2/PLCG2/EIF2AK2/STING1/TLR3/PTPN22/SLC15A3/OAS3/TLR4/TICAM1",34
"GO","GO:0002758","innate immune response-activating signaling pathway","49/1618","255/18870",6.30043088912938e-08,1.08015328390398e-05,8.08327727695113e-06,"FOSL1/F2RL1/TRIM31/CREBBP/BIRC3/NR1H4/PELI1/IRAK2/MYD88/EP300/DHX58/PUM1/NOP53/NFKBIZ/NLRP3/GPATCH3/PIK3AP1/RIPK2/RSAD2/NOD1/OTUD4/GBP2/ALPK1/COLEC10/USP15/NR1D1/NFKBIA/NOD2/PIK3R1/ANKRD17/BCL10/PRKD1/NMI/TNFAIP3/TRAF3/IRF1/TKFC/SIRT2/PLCG2/PRKCE/EIF2AK2/STING1/TLR3/PTPN22/CYBA/SLC15A3/OAS3/TLR4/TICAM1",49
"GO","GO:0070482","response to oxygen levels","60/1618","343/18870",7.80448962750816e-08,1.299782001107e-05,9.72685865154701e-06,"SLC2A1/CXCR4/CDKN1A/MYC/THBS1/PLK3/LIF/FOS/CPEB4/EGR1/ANGPTL4/CITED2/PML/CREBBP/NFE2L2/STC1/SOX4/EDN1/GATA6/TIGAR/IL1A/EP300/CD24/NOP53/FOSL2/ADAM8/DIO3/ADM/NR4A2/UCP2/CLDN3/NKX3-1/BMP2/CYP1A1/AGER/MYB/PMAIP1/EGLN3/RGCC/NDRG1/ZFP36L1/DDR2/MMP14/PGK1/ADSL/COL1A1/UCP3/UCN3/CASR/SIRT1/FAS/ACE/ANG/SIRT2/PTGS2/PRKCE/PTGIS/OXTR/EPHA4/TMBIM6",60
"GO","GO:0071216","cellular response to biotic stimulus","50/1618","265/18870",8.46595407716807e-08,1.37077906432813e-05,1.02581618993522e-05,"RARA/ANKRD1/TXNIP/ARID5A/CCL2/EPHB2/SERPINE1/NR1H4/ZC3H12A/IRAK2/CXCL8/IRF8/TIGAR/PDCD4/IL1A/MYD88/IL1B/MEF2C/NFKBIZ/HDAC5/NLRP3/CD274/RIPK2/NFKB1/CMPK2/AHR/GBP2/CXCL2/CXCL1/NR1D1/CSF2/NFKBIA/NOD2/TSPO/ABCA1/CXCL3/BCL10/TNFAIP3/TNFRSF1B/FZD5/IL6/TRIB1/ASS1/CASP7/ADAMTS13/PLCG2/PRKCE/PTPN22/TLR4/TICAM1",50
"GO","GO:0048754","branching morphogenesis of an epithelial tube","35/1618","156/18870",9.90644940400349e-08,1.56066739394423e-05,1.16791824552462e-05,"MYC/EPHA2/FGF2/GBX2/PML/SOX9/NFATC4/SIX4/EDN1/SPRY2/PTCH1/CSF1/PBX1/SIX1/HOXA5/FOXC2/SPRY1/GZF1/COL4A1/NKX3-1/BMP2/EYA1/KDM5B/SHH/WNT2B/NOG/MMP14/TBX20/CASR/FGF1/DCHS1/EXT1/AR/GLI2/GNA13",35
"GO","GO:0048568","embryonic organ development","73/1618","453/18870",1.02888088242731e-07,1.57787765767914e-05,1.18079746700659e-05,"PDGFB/RARA/EPHA2/CCN1/LIF/EFNA1/GRHL2/SOCS3/LRIG3/JUNB/GBX2/CITED2/TRA2B/NDST1/SOX9/RARB/SIX4/EPHB2/EDN1/TSHZ1/PHLDA2/HOXB5/CXCL8/SPRY2/PTCH1/OSR2/RBBP6/PKDCC/HOXA3/MEF2C/PBX1/FRS2/SIX1/HOXA5/RNF207/ALDH1A3/FOXC2/USH1C/GRHL3/ADM/RUNX2/HYAL1/ALX1/NSDHL/MESP1/TRIOBP/EYA1/TBX6/SHH/EN2/TMIE/SETD2/SLC44A4/CSF2/NOG/ZFP36L1/PRDM1/ARID2/CDKN1C/MMP14/TMED2/PRICKLE1/MYO3B/TBX20/STRA6/HOXC9/FZD5/CHST11/MMP16/DLX2/GATA3/GLI2/SNAI1",73
"GO","GO:0022409","positive regulation of cell-cell adhesion","57/1618","322/18870",1.08266123581062e-07,1.57787765767914e-05,1.18079746700659e-05,"RARA/BCL6/SMAD7/EGR3/CITED2/ABL2/RUNX1/CCL2/SOX4/AMBRA1/ITPKB/DUSP10/IL1A/CD24/TNFRSF14/IL1B/NFKBIZ/NLRP3/ADAM8/VNN1/CD274/ZMIZ1/EFNB2/RIPK2/NFAT5/MAP3K8/GCNT1/ANK3/ANXA1/FSTL3/ALOX5/PODXL/SHH/VTCN1/AGER/RUNX3/NR4A3/ACTB/CHST4/NOD2/SOCS1/ARID2/VSIR/PRKCQ/BCL10/IL4I1/IL6/ARID1A/PLAUR/IL12A/LGALS9/GATA3/ADAM19/PTPN22/GLI2/HAS2/TJP1",57
"GO","GO:0051251","positive regulation of lymphocyte activation","58/1618","330/18870",1.08277760005431e-07,1.57787765767914e-05,1.18079746700659e-05,"CDKN1A/RARA/BCL6/EGR3/ABL2/RUNX1/CCL2/EPHB2/SOX4/PELI1/AMBRA1/ITPKB/DUSP10/KMT5C/IL1A/MYD88/CD24/TNFRSF14/IL1B/MEF2C/NFKBIZ/NLRP3/ADAM8/VNN1/CD274/ZMIZ1/EFNB2/RIPK2/IL15RA/RIF1/MAP3K8/ZNF335/ANXA1/NFATC2/SHH/VTCN1/AGER/RUNX3/ACTB/NOD2/SOCS1/ARID2/MMP14/VSIR/PRKCQ/BCL10/IL4I1/HLA-F/IL6/ARID1A/IL12A/LGALS9/GATA3/PTPN22/GLI2/IRS2/TLR4/TICAM1",58
"GO","GO:1903131","mononuclear cell differentiation","76/1618","481/18870",1.28981556926582e-07,1.83374023250011e-05,1.3722710446823e-05,"RARA/MYC/BCL6/SMAD7/F2RL1/LFNG/SOCS3/FOS/PTGER4/JUNB/EGR3/INHBA/EGR1/RUNX1/SOX4/ZC3H12A/FOXP1/IRF8/ENTPD7/AMBRA1/ITPKB/DUSP10/IL1A/EP300/IL11/CSF1/IL1B/PBX1/NFKBIZ/HDAC5/FOSL2/CMTM7/NLRP3/ADAM8/RC3H1/VNN1/RORC/ZMIZ1/BLNK/RIPK2/ZBTB46/RSAD2/IL15RA/RUNX2/ANXA1/RELB/SHH/AGER/RUNX3/MYB/ACTB/CSF2/SOCS1/PIK3R1/BATF2/ZFP36L1/PRDM1/ARID2/MMP14/VSIR/IL4I1/DCLRE1C/ITM2A/CYP26B1/FZD5/IL6/IRF1/ARID1A/INHA/LGALS9/GATA3/IKZF3/PLCG2/PTPN22/PLCL2/GLI2",76
"GO","GO:0033002","muscle cell proliferation","47/1618","247/18870",1.57878539894576e-07,2.19112859296543e-05,1.63972097574717e-05,"PDGFB/CDKN1A/THBS1/JUN/HBEGF/FOS/FGF2/CITED2/RUNX1/EDN1/FOXP1/GATA6/PIM1/PDCD4/MYD88/MEF2C/FRS2/TCF7L2/SIX1/MAP3K5/FOXC2/ZNF143/EREG/BMP2/SHH/ERBB4/MYB/NR4A3/NOG/GPER1/ARID2/DDR2/MEF2D/TNFAIP3/TBX20/IL6/APOE/EFEMP2/TRIB1/IL12A/IGFBP3/ADAMTS1/ANG/PTGS2/GNA13/STAT1/TLR4",47
"GO","GO:0051607","defense response to virus","58/1618","334/18870",1.65735520217943e-07,2.24667987755905e-05,1.68129252333698e-05,"F2RL1/TRIM31/POLR3H/IRF2/PML/ZC3H12A/RTP4/TRIM38/MYD88/SAMHD1/IL1B/DHX36/DHX58/STAT2/SLFN13/TRIM21/MOV10/MAP3K14/GPATCH3/RSAD2/USP18/APOBEC3B/MX2/GBP1/TRIM26/GBP2/ZC3HAV1/IFIT1/SETD2/PMAIP1/NT5C3A/PARP9/MORC3/APOBEC3G/IKBKE/NLRC5/MX1/IFIT5/TNFAIP3/TRAF3/IL6/IRF1/EXOSC5/SENP7/TKFC/DDX60L/ISG20/SIRT2/EIF2AK2/IFIT1B/STING1/TLR3/TRIM22/PTPN22/STAT1/OAS3/TICAM1/IFI27",58
"GO","GO:0140546","defense response to symbiont","58/1618","335/18870",1.84056458791934e-07,2.4383297688595e-05,1.8247128354875e-05,"F2RL1/TRIM31/POLR3H/IRF2/PML/ZC3H12A/RTP4/TRIM38/MYD88/SAMHD1/IL1B/DHX36/DHX58/STAT2/SLFN13/TRIM21/MOV10/MAP3K14/GPATCH3/RSAD2/USP18/APOBEC3B/MX2/GBP1/TRIM26/GBP2/ZC3HAV1/IFIT1/SETD2/PMAIP1/NT5C3A/PARP9/MORC3/APOBEC3G/IKBKE/NLRC5/MX1/IFIT5/TNFAIP3/TRAF3/IL6/IRF1/EXOSC5/SENP7/TKFC/DDX60L/ISG20/SIRT2/EIF2AK2/IFIT1B/STING1/TLR3/TRIM22/PTPN22/STAT1/OAS3/TICAM1/IFI27",58
"GO","GO:0035710","CD4-positive, alpha-beta T cell activation","29/1618","119/18870",1.89151197510028e-07,2.45013851174656e-05,1.83354985375802e-05,"RARA/BCL6/SMAD7/SOCS3/PTGER4/JUNB/RUNX1/ZC3H12A/FOXP1/ENTPD7/NFKBIZ/NLRP3/RC3H1/RORC/CD274/CBLB/RIPK2/RSAD2/ANXA1/RELB/AGER/RUNX3/MYB/SOCS1/VSIR/PRKCQ/IL6/LGALS9/GATA3",29
"GO","GO:0070371","ERK1 and ERK2 cascade","58/1618","336/18870",2.04275703215437e-07,2.58852842183214e-05,1.93711330463335e-05,"PDGFB/CCN2/MYC/SEMA7A/EPHA2/CCN1/LIF/F2RL1/DUSP6/PTGER4/INHBA/FGF2/DUSP5/DUSP4/SOX9/CCL2/EPHB2/EDN1/PRKD2/IQGAP3/SPRY2/DUSP10/GAREM1/IL1A/IL1B/SEMA6A/FRS2/FLCN/GRB10/SPRY1/RIPK2/NRG1/NOD1/GBP1/ICAM1/BMP2/ATF3/ERBB4/AGER/NOD2/ZFP36L1/GPER1/CNKSR3/TIMP3/ABCA7/CCL20/CASR/FGFR3/APOE/FGF1/LGALS9/SLC30A10/CXCL17/ACTA2/PTPN22/OXTR/EPHA4/TLR4",58
"GO","GO:0043122","regulation of canonical NF-kappaB signal transduction","49/1618","265/18870",2.16094340601775e-07,2.68002959865478e-05,2.00558778825029e-05,"SLC20A1/F2RL1/BIRC3/NR1H4/ZC3H12A/PELI1/TNFSF10/PLK2/TRIM38/IL1A/MYD88/IL1B/DHX36/TRIM21/RIPK1/MAP3K14/RIPK2/NOD1/PELI2/BRD4/ALPK1/NR1D1/OPTN/NOD2/PLEKHG5/PER1/IKBKE/OTUD7B/APOL3/ANKRD17/REL/BCL10/FBXW11/IFIT5/PRKD1/TNFAIP3/TRAF3/SIRT1/SECTM1/TRAF1/LGALS9/PLCG2/PRKCE/TLR3/TRIM22/MIER1/STAT1/TLR4/TICAM1",49
"GO","GO:0034612","response to tumor necrosis factor","48/1618","259/18870",2.66946747250349e-07,3.24173456192143e-05,2.42593710659089e-05,"THBS1/ANKRD1/F2RL1/FOS/CCL2/NFE2L2/BIRC3/NR1H4/EDN1/ZC3H12A/FOXP1/CXCL8/SPATA2/TNFRSF14/MAP3K5/RIPK1/NFKB1/GBP1/HYAL1/NKX3-1/GBP2/KLF2/NR1D1/NFKBIA/ZFP36L1/GPER1/LRRK2/MAP4K3/COL1A1/NUB1/CCL20/TNFAIP3/TNFRSF1B/ZNF675/TRAF3/TNFRSF25/SIRT1/FAS/EXT1/TRAF1/ASS1/GATA3/ADAMTS13/PTGS2/ENDOG/TUBA1A/STAT1/HAS2",48
"GO","GO:1902107","positive regulation of leukocyte differentiation","38/1618","185/18870",3.25184951415058e-07,3.79100616359675e-05,2.83698197613474e-05,"RARA/BCL6/LIF/FOS/EGR3/KLF10/RUNX1/SOX4/NEDD9/AMBRA1/ITPKB/DUSP10/CSF1/NFKBIZ/NLRP3/ADAM8/VNN1/RIPK1/ZMIZ1/RIPK2/ZBTB46/IL15RA/ANXA1/SHH/AGER/RUNX3/ACTB/SOCS1/ZFP36L1/ARID2/MMP14/VSIR/IL4I1/TRIB1/ARID1A/LGALS9/GATA3/GLI2",38
"GO","GO:1903708","positive regulation of hemopoiesis","38/1618","185/18870",3.25184951415058e-07,3.79100616359675e-05,2.83698197613474e-05,"RARA/BCL6/LIF/FOS/EGR3/KLF10/RUNX1/SOX4/NEDD9/AMBRA1/ITPKB/DUSP10/CSF1/NFKBIZ/NLRP3/ADAM8/VNN1/RIPK1/ZMIZ1/RIPK2/ZBTB46/IL15RA/ANXA1/SHH/AGER/RUNX3/ACTB/SOCS1/ZFP36L1/ARID2/MMP14/VSIR/IL4I1/TRIB1/ARID1A/LGALS9/GATA3/GLI2",38
"GO","GO:0072073","kidney epithelium development","33/1618","150/18870",3.69169333613032e-07,4.21938832476542e-05,3.15755979049e-05,"RARA/MYC/LIF/SMAD7/FGF2/SOX9/RARB/SIX4/PTCH1/CD24/MEF2C/PBX1/SIX1/FOXC2/MTSS1/EFNB2/SPRY1/GZF1/BMP2/PODXL/EYA1/SHH/WNT2B/SDC1/NOG/CTNS/FGF1/DCHS1/EXT1/GATA3/SLC22A1/STAT1/EPHA4",33
"GO","GO:0001503","ossification","70/1618","444/18870",4.38115529328436e-07,4.89273209515897e-05,3.66145349519892e-05,"GTPBP4/CCN2/SEMA7A/EPHA2/CCN1/TUFT1/SLC26A2/SMAD7/CHSY1/PTGER4/JUNB/FGF2/KLF10/HIRA/SOX9/RUNX1/DHRS3/STC1/NOCT/BCOR/NBR1/EGR2/MN1/ACVR2B/PTCH1/OSR2/CSF1/PKDCC/MEF2C/PBX1/DHX36/BAMBI/FOSL2/FOXC2/THBS3/RUNX2/FSTL3/ADRB2/BMP2/ALOX5/SHH/TNFAIP6/SETD2/RUNX3/TENT5A/NOG/DDR2/AHSG/MMP14/MEF2D/PTHLH/PRICKLE1/PRKD1/COL1A1/ACVR2A/CASR/IL6/FGFR3/ERFE/ATRAID/DCHS1/TP63/MMP16/IGFBP3/EXT1/PTGS2/XYLT1/GLI2/SNAI1/TPM4",70
"GO","GO:0061081","positive regulation of myeloid leukocyte cytokine production involved in immune response","14/1618","35/18870",4.53263909999287e-07,4.89273209515897e-05,3.66145349519892e-05,"SEMA7A/MYD88/PANX1/DHX36/RIPK2/NOD1/NR4A3/NOD2/BCL10/SIRT1/PLCG2/TLR3/TLR4/TICAM1",14
"GO","GO:0110110","positive regulation of animal organ morphogenesis","14/1618","35/18870",4.53263909999287e-07,4.89273209515897e-05,3.66145349519892e-05,"FGF2/SOX9/SIX4/EDN1/CSF1/FRS2/SIX1/SPRY1/MESP1/BMP2/WNT2B/FGF1/AR/GATA3",14
"GO","GO:0048645","animal organ formation","20/1618","67/18870",4.66984092361549e-07,4.94918231704631e-05,3.70369775836605e-05,"FGF2/CITED2/GATA6/PIM1/HOXA3/MEF2C/FRS2/SIX1/SPRY1/ISL1/MESP1/BMP2/EYA1/SHH/WNT2B/NOG/FGF1/TP63/EXT1/AR",20
"GO","GO:0046632","alpha-beta T cell differentiation","29/1618","124/18870",4.82004173519754e-07,5.01714701329758e-05,3.75455882531177e-05,"RARA/BCL6/SMAD7/SOCS3/PTGER4/JUNB/RUNX1/ZC3H12A/FOXP1/ENTPD7/ITPKB/NFKBIZ/FOSL2/NLRP3/RC3H1/RORC/RIPK2/RSAD2/ANXA1/RELB/SHH/RUNX3/MYB/SOCS1/PRDM1/IL6/IRF1/LGALS9/GATA3",29
"GO","GO:0030098","lymphocyte differentiation","68/1618","429/18870",5.22644703243372e-07,5.26701067454103e-05,3.94154314368232e-05,"RARA/BCL6/SMAD7/LFNG/SOCS3/PTGER4/JUNB/EGR3/INHBA/EGR1/RUNX1/SOX4/ZC3H12A/FOXP1/IRF8/ENTPD7/AMBRA1/ITPKB/DUSP10/IL1A/EP300/IL11/IL1B/PBX1/NFKBIZ/HDAC5/FOSL2/CMTM7/NLRP3/ADAM8/RC3H1/VNN1/RORC/ZMIZ1/BLNK/RIPK2/RSAD2/IL15RA/RUNX2/ANXA1/RELB/SHH/RUNX3/MYB/ACTB/SOCS1/PIK3R1/ZFP36L1/PRDM1/ARID2/MMP14/VSIR/IL4I1/DCLRE1C/ITM2A/CYP26B1/FZD5/IL6/IRF1/ARID1A/INHA/LGALS9/GATA3/IKZF3/PLCG2/PTPN22/PLCL2/GLI2",68
"GO","GO:0046631","alpha-beta T cell activation","37/1618","181/18870",5.24080664133436e-07,5.26701067454103e-05,3.94154314368232e-05,"RARA/BCL6/SMAD7/SOCS3/PTGER4/JUNB/RUNX1/ZC3H12A/FOXP1/ENTPD7/ITPKB/TNFRSF14/NFKBIZ/FOSL2/NLRP3/RC3H1/RORC/CD274/CBLB/RIPK2/RSAD2/ANXA1/RELB/SHH/AGER/RUNX3/MYB/SOCS1/PRDM1/VSIR/PRKCQ/IL6/IRF1/IL12A/LGALS9/GATA3/PTPN22",37
"GO","GO:0031668","cellular response to extracellular stimulus","50/1618","281/18870",5.48659604828517e-07,5.42057090939903e-05,4.05645923712645e-05,"SLC2A1/CDKN1A/FOSL1/PDK4/FOS/ADORA2B/CPEB4/NUAK1/KLF10/NUAK2/JMY/CREBBP/NFE2L2/NR1H4/PLD1/ZC3H12A/MN1/PIM1/AMBRA1/AKR1C3/EP300/FLCN/MAP3K5/SESN1/RICTOR/GDAP1/ERCC6/NR4A2/TNRC6A/UCP2/CASTOR1/BMT2/ATF3/BHLHA15/PMAIP1/WNT2B/MLXIPL/MFSD2A/LRRK2/TSSK3/PRKD1/COL1A1/TRIM24/CDKN2B/UCN3/UCN2/CASR/SIRT1/FAS/EIF2AK2",50
"GO","GO:0001819","positive regulation of cytokine production","76/1618","499/18870",5.74912138688039e-07,5.5852714273543e-05,4.17971211004076e-05,"RARA/THBS1/SEMA7A/F3/F2RL1/PTGER4/ADORA2B/EGR1/ARRDC4/NFATC4/RUNX1/ARID5A/EPHB2/SERPINE1/NR1H4/PRKD2/PELI1/FOXP1/GATA6/IRF8/IL1A/FERMT1/MYD88/PANX1/TNFRSF14/IL1B/DHX36/DHX58/NLRP3/ADAM8/RIPK1/CD274/EREG/RIPK2/ISL1/RSAD2/NOD1/ANXA1/ZBTB20/ZC3HAV1/VTCN1/AGER/SETD2/MYB/NR4A3/CSF2/RGCC/NOD2/ADRA2A/IKBKE/PIK3R1/LRRK2/PRKCQ/BCL10/HLA-F/PDE4D/FZD5/TRAF3/IL6/IRF1/SIRT1/IL12A/LGALS9/GATA3/PLCG2/PTGS2/EIF2AK2/STING1/CXCL17/TLR3/PTPN22/CYBA/STAT1/OAS3/TLR4/TICAM1",76
"GO","GO:0002764","immune response-regulating signaling pathway","76/1618","500/18870",6.22502799385578e-07,5.9484734715058e-05,4.45151268447599e-05,"FOSL1/F2RL1/TRIM31/THEMIS2/MAP3K1/CREBBP/BIRC3/NR1H4/PRKD2/ZC3H12A/PELI1/FOXP1/IRAK2/MYD88/EP300/CD24/MEF2C/DHX58/PUM1/NOP53/NFKBIZ/FOSL2/NLRP3/RC3H1/CBLB/GPATCH3/PIK3AP1/BLNK/RIPK2/RSAD2/NFKB1/NOD1/OTUD4/GBP1/PLA2G6/NFATC2/GBP2/ALPK1/COLEC10/VTCN1/USP15/NR4A3/NR1D1/NFKBIA/NOD2/PIK3R1/ANKRD17/PRKCQ/BCL10/MAP2K4/LGALS3/PRKD1/LAT2/PIGR/PDE4D/NMI/TNFAIP3/TRAF3/IRF1/TKFC/GATA3/PHPT1/SIRT2/PLCG2/PRKCE/EIF2AK2/STING1/TLR3/PTPN22/SPPL3/PLCL2/CYBA/SLC15A3/OAS3/TLR4/TICAM1",76
"GO","GO:0051090","regulation of DNA-binding transcription factor activity","65/1618","406/18870",6.47995760685724e-07,6.05417322379269e-05,4.53061260654927e-05,"BHLHE40/SIK1/SMAD7/TRIM31/ARID5B/ID1/JMY/EDN1/PRKD2/ZC3H12A/RTKN2/IRAK2/TRIM38/PIM1/PTCH1/MYD88/EP300/NFKBIE/IL1B/TCF7L2/PARP10/HDAC5/TRIM21/NLRP3/ADAM8/RIPK1/GLIS2/RIPK2/NOD1/BMP2/TRIM26/ADCY1/TBX6/SHH/AGER/NKX6-1/RGCC/NFKBIA/RHEBL1/NOD2/IKBKE/NLRC5/RELN/LRRK2/DDR2/PRKCQ/BCL10/PRKD1/TNFAIP3/ZNF675/SGK1/TRAF3/IL6/TRIB1/SIRT1/TRAF1/AR/LGALS9/PLCG2/EIF2AK2/STING1/TRIM22/PTGIS/TLR4/TICAM1",65
"GO","GO:0031669","cellular response to nutrient levels","46/1618","251/18870",6.54336786925612e-07,6.05417322379269e-05,4.53061260654927e-05,"SLC2A1/CDKN1A/PDK4/FOS/CPEB4/NUAK1/KLF10/NUAK2/JMY/CREBBP/NFE2L2/NR1H4/PLD1/ZC3H12A/MN1/PIM1/AMBRA1/AKR1C3/EP300/FLCN/MAP3K5/SESN1/RICTOR/GDAP1/TNRC6A/UCP2/CASTOR1/BMT2/ATF3/BHLHA15/PMAIP1/WNT2B/MLXIPL/MFSD2A/LRRK2/TSSK3/PRKD1/COL1A1/TRIM24/CDKN2B/UCN3/UCN2/CASR/SIRT1/FAS/EIF2AK2",46
"GO","GO:0030217","T cell differentiation","53/1618","307/18870",6.74121591794932e-07,6.09312903910529e-05,4.55976501125088e-05,"RARA/BCL6/SMAD7/LFNG/SOCS3/PTGER4/JUNB/EGR3/EGR1/RUNX1/SOX4/ZC3H12A/FOXP1/ENTPD7/AMBRA1/ITPKB/DUSP10/IL1A/IL1B/NFKBIZ/FOSL2/NLRP3/ADAM8/RC3H1/VNN1/RORC/ZMIZ1/RIPK2/RSAD2/RUNX2/ANXA1/RELB/SHH/RUNX3/MYB/ACTB/SOCS1/PIK3R1/ZFP36L1/PRDM1/ARID2/VSIR/IL4I1/CYP26B1/FZD5/IL6/IRF1/ARID1A/LGALS9/GATA3/IKZF3/PTPN22/GLI2",53
"GO","GO:1903039","positive regulation of leukocyte cell-cell adhesion","49/1618","275/18870",6.80774230343224e-07,6.09312903910529e-05,4.55976501125088e-05,"RARA/BCL6/EGR3/ABL2/RUNX1/CCL2/SOX4/AMBRA1/ITPKB/DUSP10/IL1A/CD24/TNFRSF14/IL1B/NFKBIZ/NLRP3/ADAM8/VNN1/CD274/ZMIZ1/EFNB2/RIPK2/NFAT5/MAP3K8/GCNT1/ANXA1/ALOX5/SHH/VTCN1/AGER/RUNX3/NR4A3/ACTB/CHST4/NOD2/SOCS1/ARID2/VSIR/PRKCQ/BCL10/IL4I1/IL6/ARID1A/IL12A/LGALS9/GATA3/PTPN22/GLI2/HAS2",49
"GO","GO:0043367","CD4-positive, alpha-beta T cell differentiation","24/1618","93/18870",6.89906530418509e-07,6.09312903910529e-05,4.55976501125088e-05,"RARA/BCL6/SMAD7/SOCS3/PTGER4/JUNB/RUNX1/ZC3H12A/FOXP1/ENTPD7/NFKBIZ/NLRP3/RC3H1/RORC/RIPK2/RSAD2/ANXA1/RELB/RUNX3/MYB/SOCS1/IL6/LGALS9/GATA3",24
"GO","GO:0022407","regulation of cell-cell adhesion","75/1618","493/18870",7.1306059048493e-07,6.20362713721889e-05,4.64245575329073e-05,"GTPBP4/RARA/BCL6/SMAD7/EGR3/CITED2/ABL2/RUNX1/CCL2/SOX4/ZC3H12A/PELI1/AMBRA1/ITPKB/DUSP10/IL1A/CD24/TNFRSF14/IL1B/AKNA/NFKBIZ/NLRP3/ADAM8/RC3H1/VNN1/CD274/CBLB/ZMIZ1/EFNB2/RIPK2/NFAT5/MAP3K8/GCNT1/ANK3/ANXA1/FSTL3/BMP2/ALOX5/PODXL/MARCHF7/SHH/VTCN1/AGER/MDGA1/RUNX3/NR4A3/FERMT3/ACTB/RGCC/CHST4/NOD2/RIPOR2/SOCS1/ARID2/VSIR/PRKCQ/BCL10/IL4I1/LGALS3/CDSN/EPHB3/IL6/IRF1/ARID1A/PLAUR/IL12A/ASS1/LGALS9/GATA3/ADAM19/ABCA12/PTPN22/GLI2/HAS2/TJP1",75
"GO","GO:0002218","activation of innate immune response","49/1618","276/18870",7.60195267551558e-07,6.51643855082063e-05,4.87654673178584e-05,"FOSL1/F2RL1/TRIM31/CREBBP/BIRC3/NR1H4/PELI1/IRAK2/MYD88/EP300/DHX58/PUM1/NOP53/NFKBIZ/NLRP3/GPATCH3/PIK3AP1/RIPK2/RSAD2/NOD1/OTUD4/GBP2/ALPK1/COLEC10/USP15/NR1D1/NFKBIA/NOD2/PIK3R1/ANKRD17/BCL10/PRKD1/NMI/TNFAIP3/TRAF3/IRF1/TKFC/SIRT2/PLCG2/PRKCE/EIF2AK2/STING1/TLR3/PTPN22/CYBA/SLC15A3/OAS3/TLR4/TICAM1",49
"GO","GO:0045088","regulation of innate immune response","67/1618","425/18870",7.72702912166633e-07,6.52765981886856e-05,4.88494411597029e-05,"FOSL1/F2RL1/TRIM31/CREBBP/NFE2L2/BIRC3/NR1H4/LYAR/PELI1/USP38/IRAK2/DUSP10/MYD88/EP300/SAMHD1/PARP14/DHX58/PUM1/NOP53/STAT2/NFKBIZ/TRIM21/NLRP3/ADAM8/GPATCH3/PIK3AP1/EREG/RIPK2/RSAD2/USP18/NOD1/OTUD4/GBP2/ALPK1/COLEC10/USP15/NR1D1/NFKBIA/NOD2/PARP9/IKBKE/NLRC5/PIK3R1/ANKRD17/BCL10/PRKD1/HLA-F/NMI/TNFAIP3/TRAF3/APOE/IRF1/IL12A/TKFC/LGALS9/SIRT2/PLCG2/PRKCE/EIF2AK2/STING1/TLR3/PTPN22/CYBA/SLC15A3/OAS3/TLR4/TICAM1",67
"GO","GO:0038061","non-canonical NF-kappaB signal transduction","32/1618","148/18870",8.30479919957108e-07,6.9155249334714e-05,5.17520118541692e-05,"CREBBP/BIRC3/EDN1/ZC3H12A/RTKN2/TNFRSF10A/PDCD4/EP300/IL1B/TCIM/NLRP3/RC3H1/RIPK1/MAP3K14/NFKB2/NFAT5/NFKB1/NOD1/RELB/TNFSF15/AGER/NFKBIA/NOD2/IKBKE/REL/NMI/NR3C2/LGALS9/EIF2AK2/TLR3/PTPN22/TLR4",32
"GO","GO:0051403","stress-activated MAPK cascade","43/1618","230/18870",8.62741649133582e-07,7.08298742647838e-05,5.30052096962129e-05,"CCN2/MYC/DUSP1/F2RL1/GADD45A/PTGER4/WNT7A/MECOM/ZC3H12A/NBR1/PHLPP1/DUSP10/PDCD4/IL1A/MYD88/GADD45B/IL1B/MAP3K5/RIPK1/RIPK2/ERCC6/NFKB1/NOD1/CDC42EP5/DUSP16/SEMA3A/BMP2/AGER/NOD2/PER1/ZFP36L1/LRRK2/MAP2K4/MAP4K3/ZNF675/CASR/TRIB1/FAS/LGALS9/EIF2AK2/TLR3/PTPN22/TLR4",43
"GO","GO:0007254","JNK cascade","34/1618","163/18870",9.19989163106845e-07,7.44807893298583e-05,5.57373551449527e-05,"CCN2/F2RL1/GADD45A/PTGER4/WNT7A/MECOM/PHLPP1/DUSP10/PDCD4/IL1A/MYD88/GADD45B/IL1B/MAP3K5/RIPK1/RIPK2/ERCC6/NFKB1/NOD1/CDC42EP5/DUSP16/SEMA3A/AGER/NOD2/PER1/LRRK2/MAP2K4/MAP4K3/ZNF675/CASR/TRIB1/TLR3/PTPN22/TLR4",34
"GO","GO:0001667","ameboidal-type cell migration","75/1618","497/18870",9.77209137269731e-07,7.80294802896611e-05,5.83930016560312e-05,"PDGFB/THBS1/SEMA7A/EPHA2/RHOB/EFNA1/GADD45A/HBEGF/EGR3/EDN2/FGF2/ARID5B/GBX2/WNT7A/ID1/PML/SOX9/NFE2L2/PIP5K1A/STC1/EDN1/PRKD2/ZC3H12A/FOXP1/PLK2/ADAMTS9/DUSP10/FERMT1/ITGB4/SEMA6A/MEF2C/FGFR1/SRGAP2/ZFAND5/HDAC5/FOXC2/EFNB2/S100A2/ISL1/SEMA4G/HYAL1/SEMA3A/MESP1/ANXA1/SH3BP1/AMOTL2/ADGRA2/SHH/ERBB4/RREB1/RGCC/PLEKHG5/DDR2/STARD13/BCAS3/S100P/PRKD1/JCAD/APOE/FGF1/SIRT1/CORO1B/FGFBP1/GATA3/SEMA3G/PLCG2/FAP/PTGS2/PRKCE/ACTA2/GNA13/IRS2/SNAI1/HAS2/NR4A1",75
"GO","GO:0048660","regulation of smooth muscle cell proliferation","35/1618","171/18870",1.02146111536937e-06,8.04607681282168e-05,6.02124446954575e-05,"PDGFB/CDKN1A/THBS1/JUN/HBEGF/FGF2/EDN1/FOXP1/PDCD4/MYD88/MEF2C/FRS2/TCF7L2/MAP3K5/ZNF143/EREG/BMP2/MYB/NR4A3/GPER1/DDR2/MEF2D/TNFAIP3/IL6/APOE/EFEMP2/TRIB1/IL12A/IGFBP3/ADAMTS1/ANG/PTGS2/GNA13/STAT1/TLR4",35
"GO","GO:0098781","ncRNA transcription","30/1618","136/18870",1.16288885599007e-06,9.03797218875483e-05,6.76352479890927e-05,"PDGFB/RARA/MYC/FOSL1/JUN/NIFK/FOS/FGF2/EGR1/POLR1B/SOX9/NFATC4/ZC3H4/GATA6/SNAPC1/NR3C1/IPPK/NOP53/MRTFA/ZNF143/ERCC6/BMP2/USPL1/NFATC2/MYB/ELL2/AR/GATA3/ANG/SNAPC4",30
"GO","GO:0030099","myeloid cell differentiation","67/1618","430/18870",1.18157675120072e-06,9.06238274045924e-05,6.78179232268116e-05,"RARA/MYC/EPHA2/BCL6/LIF/F2RL1/FOS/JUNB/INHBA/CITED2/KLF10/PML/RUNX1/LYAR/OSTM1/FOXP1/NEDD9/IRF8/ITPKB/MYD88/EP300/IL11/NR3C1/CSF1/MEF2C/HOXA5/BRD1/FOSL2/RIPK1/ZBTB46/UCP2/ZNF385A/KAT6A/FSTL3/BMP2/H4C14/RELB/TNFAIP6/KLF2/MYB/L3MBTL1/CSF2/NFKBIA/SOCS1/CNOT4/PIK3R1/BATF2/ZFP36L1/TET2/CDKN1C/KMT2E/TMEM178A/DNASE2/MEIS1/NCOA6/ACVR2A/SCIN/CDKN2B/ZNF675/TRIB1/SIRT1/ERFE/INHA/GATA3/TLR3/STAT1/TLR4",67
"GO","GO:0007264","small GTPase mediated signal transduction","74/1618","491/18870",1.21075724040833e-06,9.16558955109111e-05,6.85902666336585e-05,"CDKN1A/RHOB/BCL6/F2RL1/CDC42EP4/FAM13B/FGF2/BCAR3/SPRY4/PLEKHG6/PRAG1/ABL2/LPAR6/SPATA13/EPHB2/PLD1/PLEKHG3/IQGAP3/PLK2/RND3/SPRY2/ITPKB/EPS8L3/ARHGAP40/DENND3/CSF1/RGL3/RASGEF1B/FLCN/SRGAP2/TRIO/CDC42EP3/EPS8L1/ARHGAP24/NUCB1/RASGRP3/SPRY1/CDC42EP5/RGL1/SH3BP1/DLC1/ARHGAP33/RND1/RTN4R/RAPGEF3/ARHGEF25/RRAD/FGD3/RAB30/FBXO8/FGD4/RHEBL1/PLEKHG5/RIPOR2/ADRA2A/ARHGEF9/ABCA1/RELN/STARD13/STMN1/KALRN/RALGPS1/CYTH4/DNMBP/APOE/DOCK4/SIPA1L2/ARHGAP17/CHN1/RASGEF1A/PLEKHG7/GNA13/RAB9B/ARHGAP42",74
"GO","GO:0043410","positive regulation of MAPK cascade","72/1618","474/18870",1.25573138718325e-06,9.38417725114252e-05,7.02260576044182e-05,"PDGFB/CCN2/THBS1/SEMA7A/LIF/F2RL1/EFNA1/GDF15/GADD45A/INHBA/FGF2/WNT7A/BCAR3/NDST1/CCL2/EDN1/PRKD2/ZC3H12A/IQGAP3/SPRY2/MST1R/GAREM1/IL1A/MYD88/IL11/GADD45B/CD24/IL1B/MEF2C/FRS2/FGFR1/MAP3K5/ADAM8/RIPK1/RIPK2/NRG1/NOD1/SEMA3A/PELI2/ADRB2/ICAM1/BMP2/ERBB4/AGER/NOD2/ADRA2A/GPER1/LRRK2/ADRA1B/MAP2K4/ABCA7/CCL20/CDK10/JCAD/CASR/IL6/FGFR3/APOE/FGF1/IGFBP3/AR/LGALS9/PLCG2/SLC30A10/PRKCE/EIF2AK2/CXCL17/TLR3/ACTA2/PTPN22/AVPR1B/TLR4",72
"GO","GO:0046634","regulation of alpha-beta T cell activation","27/1618","116/18870",1.30682133523548e-06,9.46421130758969e-05,7.08249887741902e-05,"RARA/BCL6/SMAD7/JUNB/RUNX1/ZC3H12A/ITPKB/TNFRSF14/NFKBIZ/NLRP3/RC3H1/CD274/CBLB/RIPK2/ANXA1/SHH/AGER/RUNX3/SOCS1/PRDM1/VSIR/PRKCQ/IRF1/IL12A/LGALS9/GATA3/PTPN22",27
"GO","GO:0048545","response to steroid hormone","55/1618","330/18870",1.31283942776525e-06,9.46421130758969e-05,7.08249887741902e-05,"CDKN1A/THBS1/FOSL1/TXNIP/FOSB/FBXO32/FOS/INHBA/STC1/EDN1/CALCOCO1/FOXP1/ABHD2/KLF9/AKR1C3/STRN3/EP300/NR3C1/FOSL2/ZMIZ1/ISL1/NEDD4/ADM/PDE3A/NEFL/ANXA1/SCNN1A/NKX3-1/NR4A3/NR1D1/SDC1/PER1/TSPO/ZFP36L1/GNRH1/GPER1/WBP2/ABCA2/COL1A1/LBH/UCP3/UCN3/SGK1/IL6/SIRT1/ARID1A/TP63/ACE/NR3C2/AR/ASS1/TRERF1/PTGS2/OXTR/SSTR2",55
"GO","GO:0032479","regulation of type I interferon production","28/1618","123/18870",1.34762315753979e-06,9.46421130758969e-05,7.08249887741902e-05,"ARRDC4/IRF8/TRIM38/MYD88/DHX36/DHX58/TRIM21/GPATCH3/RIPK2/ZBTB20/RELB/ZC3HAV1/SETD2/MORC3/IKBKE/REL/NMI/TRAF3/IRF1/PLCG2/STING1/TLR3/XAF1/PTPN22/STAT1/OAS3/TLR4/TICAM1",28
"GO","GO:0032606","type I interferon production","28/1618","123/18870",1.34762315753979e-06,9.46421130758969e-05,7.08249887741902e-05,"ARRDC4/IRF8/TRIM38/MYD88/DHX36/DHX58/TRIM21/GPATCH3/RIPK2/ZBTB20/RELB/ZC3HAV1/SETD2/MORC3/IKBKE/REL/NMI/TRAF3/IRF1/PLCG2/STING1/TLR3/XAF1/PTPN22/STAT1/OAS3/TLR4/TICAM1",28
"GO","GO:0071774","response to fibroblast growth factor","28/1618","123/18870",1.34762315753979e-06,9.46421130758969e-05,7.08249887741902e-05,"CCN2/THBS1/EGR3/FGF2/SPRY4/NDST1/CCL2/IER2/FLRT3/PRKD2/CXCL8/SPRY2/FRS2/FGFR1/SPRY1/RUNX2/HYAL1/KDM5B/NOG/ZFP36L1/COL1A1/CASR/FGFR3/FGF1/EXT1/FGFBP1/GATA3/NR4A1",28
"GO","GO:1903557","positive regulation of tumor necrosis factor superfamily cytokine production","26/1618","110/18870",1.49713275994565e-06,0.0001038903197348,7.77458415691074e-05,"THBS1/NFATC4/ARID5A/EPHB2/IL1A/MYD88/ADAM8/RIPK1/RIPK2/ISL1/NOD1/ZBTB20/AGER/NOD2/PIK3R1/LRRK2/BCL10/FZD5/IL6/LGALS9/PLCG2/TLR3/CYBA/OAS3/TLR4/TICAM1",26
"GO","GO:0060907","positive regulation of macrophage cytokine production","11/1618","24/18870",1.55407785726378e-06,0.000106573174470477,7.97535435356173e-05,"SEMA7A/MYD88/PANX1/RIPK2/NOD1/NOD2/SIRT1/PLCG2/TLR3/TLR4/TICAM1",11
"GO","GO:0071260","cellular response to mechanical stimulus","20/1618","72/18870",1.65712534437271e-06,0.000112318414329634,8.40529672837274e-05,"SLC2A1/ANKRD1/GADD45A/PTGER4/FGF2/MAP3K1/SOX9/TNFRSF10A/MYD88/IL1B/MAP3K14/NFKB1/BCL10/MAP2K4/COL1A1/IRF1/FAS/PTGS2/TLR3/TLR4",20
"GO","GO:0061326","renal tubule development","25/1618","104/18870",1.70053622179703e-06,0.000113935926860401,8.52634253251893e-05,"MYC/LIF/FGF2/SOX9/SIX4/PTCH1/CD24/MEF2C/PBX1/SIX1/MTSS1/GZF1/COL4A1/BMP2/EYA1/SHH/WNT2B/NOG/PRICKLE1/CTNS/FGF1/DCHS1/GATA3/SLC22A1/STAT1",25
"GO","GO:0048659","smooth muscle cell proliferation","35/1618","175/18870",1.79306869287275e-06,0.000118770425122219,8.88812997998169e-05,"PDGFB/CDKN1A/THBS1/JUN/HBEGF/FGF2/EDN1/FOXP1/PDCD4/MYD88/MEF2C/FRS2/TCF7L2/MAP3K5/ZNF143/EREG/BMP2/MYB/NR4A3/GPER1/DDR2/MEF2D/TNFAIP3/IL6/APOE/EFEMP2/TRIB1/IL12A/IGFBP3/ADAMTS1/ANG/PTGS2/GNA13/STAT1/TLR4",35
"GO","GO:0060993","kidney morphogenesis","24/1618","98/18870",1.91233622222413e-06,0.00012499181218481,9.35370461113405e-05,"MYC/LIF/FGF2/SOX9/SIX4/SOX4/PTCH1/PBX1/SIX1/GZF1/GCNT1/BMP2/EYA1/SHH/ERBB4/WNT2B/NOG/GCNT4/LRRK2/CTNS/FGF1/DCHS1/GATA3/STAT1",24
"GO","GO:0045936","negative regulation of phosphate metabolic process","60/1618","376/18870",1.92987872647674e-06,0.00012499181218481,9.35370461113405e-05,"PDGFB/CDKN1A/DUSP1/SMAD7/GADD45A/DUSP6/SOCS3/INHBA/SPRY4/ERRFI1/PPP1R15A/EPHB2/CBLC/PIK3IP1/PTK6/ZC3H12A/SLC27A1/SPRY2/DUSP10/PDCD4/MIDN/SAMSN1/PARP14/IL1B/LATS2/C9orf72/FLCN/GRB10/APC/CBLB/SPRY1/DUSP16/BMP2/GCKR/SPINK1/PPP1R1B/ALDOB/MLXIPL/TSPO/SOCS1/MASTL/CDKN1C/LRRK2/CNKSR3/TMED2/ABCA2/LGALS3/PDE4D/CDKN2B/ZNF675/APOE/TRIB1/SIRT1/DEPTOR/IGFBP3/INHA/SIRT2/PTPN22/BDKRB2/IRS2",60
"GO","GO:0045089","positive regulation of innate immune response","56/1618","343/18870",2.04785888634391e-06,0.000130300103912292,9.75094817405782e-05,"FOSL1/F2RL1/TRIM31/CREBBP/BIRC3/NR1H4/PELI1/IRAK2/MYD88/EP300/DHX58/PUM1/NOP53/NFKBIZ/NLRP3/ADAM8/GPATCH3/PIK3AP1/EREG/RIPK2/RSAD2/NOD1/OTUD4/GBP2/ALPK1/COLEC10/USP15/NR1D1/NFKBIA/NOD2/PARP9/IKBKE/NLRC5/PIK3R1/ANKRD17/BCL10/PRKD1/HLA-F/NMI/TNFAIP3/TRAF3/IRF1/IL12A/TKFC/SIRT2/PLCG2/PRKCE/EIF2AK2/STING1/TLR3/PTPN22/CYBA/SLC15A3/OAS3/TLR4/TICAM1",56
"GO","GO:0043409","negative regulation of MAPK cascade","35/1618","176/18870",2.05654650196103e-06,0.000130300103912292,9.75094817405782e-05,"MYC/DUSP1/LIF/F2RL1/EFNA1/DUSP6/DUSP5/DUSP4/SPRY4/MECOM/EPHB2/CBLC/SPRY2/DUSP10/PDCD4/IL1B/SEMA6A/DUSP8/FLCN/DUSP2/SPRY1/GBP1/DUSP16/BMP2/ATF3/PER1/GPER1/CNKSR3/TIMP3/ABCA7/ZNF675/APOE/PTPN22/EPHA4/TLR4",35
"GO","GO:0010563","negative regulation of phosphorus metabolic process","60/1618","377/18870",2.10763498748128e-06,0.000132101121957294,9.88572652871808e-05,"PDGFB/CDKN1A/DUSP1/SMAD7/GADD45A/DUSP6/SOCS3/INHBA/SPRY4/ERRFI1/PPP1R15A/EPHB2/CBLC/PIK3IP1/PTK6/ZC3H12A/SLC27A1/SPRY2/DUSP10/PDCD4/MIDN/SAMSN1/PARP14/IL1B/LATS2/C9orf72/FLCN/GRB10/APC/CBLB/SPRY1/DUSP16/BMP2/GCKR/SPINK1/PPP1R1B/ALDOB/MLXIPL/TSPO/SOCS1/MASTL/CDKN1C/LRRK2/CNKSR3/TMED2/ABCA2/LGALS3/PDE4D/CDKN2B/ZNF675/APOE/TRIB1/SIRT1/DEPTOR/IGFBP3/INHA/SIRT2/PTPN22/BDKRB2/IRS2",60
"GO","GO:0002833","positive regulation of response to biotic stimulus","59/1618","369/18870",2.19686898773102e-06,0.000134266928491705,0.000100478036617209,"FOSL1/F2RL1/TRIM31/CREBBP/BIRC3/NR1H4/PELI1/IRAK2/MYD88/EP300/DHX58/PUM1/NOP53/NFKBIZ/NLRP3/ADAM8/KLK7/CD274/GPATCH3/PIK3AP1/EREG/RIPK2/RSAD2/NOD1/OTUD4/FBXO38/GBP2/ALPK1/COLEC10/USP15/NR1D1/NFKBIA/NOD2/PARP9/IKBKE/NLRC5/PIK3R1/ANKRD17/BCL10/PRKD1/HLA-F/NMI/TNFAIP3/TRAF3/IRF1/IL12A/TKFC/SIRT2/PLCG2/PRKCE/EIF2AK2/STING1/TLR3/PTPN22/CYBA/SLC15A3/OAS3/TLR4/TICAM1",59
"GO","GO:0031098","stress-activated protein kinase signaling cascade","43/1618","238/18870",2.21129269775325e-06,0.000134266928491705,0.000100478036617209,"CCN2/MYC/DUSP1/F2RL1/GADD45A/PTGER4/WNT7A/MECOM/ZC3H12A/NBR1/PHLPP1/DUSP10/PDCD4/IL1A/MYD88/GADD45B/IL1B/MAP3K5/RIPK1/RIPK2/ERCC6/NFKB1/NOD1/CDC42EP5/DUSP16/SEMA3A/BMP2/AGER/NOD2/PER1/ZFP36L1/LRRK2/MAP2K4/MAP4K3/ZNF675/CASR/TRIB1/FAS/LGALS9/EIF2AK2/TLR3/PTPN22/TLR4",43
"GO","GO:0071356","cellular response to tumor necrosis factor","43/1618","238/18870",2.21129269775325e-06,0.000134266928491705,0.000100478036617209,"THBS1/ANKRD1/F2RL1/FOS/CCL2/NFE2L2/BIRC3/NR1H4/EDN1/ZC3H12A/FOXP1/CXCL8/SPATA2/TNFRSF14/MAP3K5/RIPK1/NFKB1/GBP1/HYAL1/NKX3-1/GBP2/KLF2/NR1D1/NFKBIA/ZFP36L1/GPER1/LRRK2/COL1A1/CCL20/TNFAIP3/TNFRSF1B/ZNF675/TRAF3/TNFRSF25/SIRT1/FAS/EXT1/TRAF1/ASS1/GATA3/ADAMTS13/STAT1/HAS2",43
"GO","GO:0048762","mesenchymal cell differentiation","46/1618","262/18870",2.24884884108797e-06,0.000135139586543317,0.000101131086244911,"SEMA7A/SMAD7/EFNA1/GBX2/POLR1B/CITED2/SOX9/KBTBD8/EDN1/SPRY2/PDCD4/IL1B/SEMA6A/MEF2C/TCF7L2/FGFR1/SIX1/AKNA/BAMBI/CUL7/ADAM8/FOXC2/SPRY1/ISL1/SEMA4G/NRG1/ALX1/SEMA3A/HMGA2/BMP2/SHH/ERBB4/RGCC/NOG/WNT10A/COL1A1/TBX20/MCRIP1/IL6/EXT1/GATA3/SEMA3G/STAT1/SNAI1/EPHA4/HAS2",46
"GO","GO:0002757","immune response-activating signaling pathway","71/1618","473/18870",2.30007584131413e-06,0.000136807572234898,0.000102379315643456,"FOSL1/F2RL1/TRIM31/THEMIS2/CREBBP/BIRC3/NR1H4/PRKD2/ZC3H12A/PELI1/FOXP1/IRAK2/MYD88/EP300/MEF2C/DHX58/PUM1/NOP53/NFKBIZ/FOSL2/NLRP3/RC3H1/CBLB/GPATCH3/PIK3AP1/BLNK/RIPK2/RSAD2/NFKB1/NOD1/OTUD4/GBP1/PLA2G6/NFATC2/GBP2/ALPK1/COLEC10/VTCN1/USP15/NR4A3/NR1D1/NFKBIA/NOD2/PIK3R1/ANKRD17/BCL10/LGALS3/PRKD1/LAT2/PDE4D/NMI/TNFAIP3/TRAF3/IRF1/TKFC/GATA3/PHPT1/SIRT2/PLCG2/PRKCE/EIF2AK2/STING1/TLR3/PTPN22/SPPL3/PLCL2/CYBA/SLC15A3/OAS3/TLR4/TICAM1",71
"GO","GO:0010721","negative regulation of cell development","49/1618","287/18870",2.43459744436545e-06,0.000143346146497033,0.0001072724275327,"RARA/MYC/SEMA7A/BCL6/SMAD7/INHBA/WNT7A/NFATC4/RUNX1/EPHB2/ZC3H12A/MBD1/DUSP10/IL1A/IL1B/SEMA6A/RC3H1/ZBTB46/SEMA4G/SEMA3A/ANXA1/FSTL3/TBX6/SHH/RTN4R/TNFAIP6/NKX6-1/RUNX3/NR1D1/NOG/TSPO/SOCS1/PIK3R1/TMEM178A/PTHLH/PLXNA3/CDKN2B/DLX1/ZNF675/IL6/IRF1/TRIB1/ERFE/DLX2/INHA/SEMA3G/SIRT2/TLR3/TLR4",49
"GO","GO:0002718","regulation of cytokine production involved in immune response","27/1618","120/18870",2.62626424798626e-06,0.000153084943015119,0.000114560410985843,"SEMA7A/BCL6/SMAD7/F2RL1/ARID5A/MYD88/PANX1/TNFRSF14/IL1B/DHX36/NLRP3/RIPK2/RSAD2/NOD1/NR4A3/NOD2/BCL10/HLA-F/TNFRSF1B/FZD5/IL6/SIRT1/GATA3/PLCG2/TLR3/TLR4/TICAM1",27
"GO","GO:0007411","axon guidance","42/1618","233/18870",3.07018704667835e-06,0.000175452159755766,0.000131298814462694,"SEMA7A/EFNA1/GBX2/EPHB2/EDN1/FLRT3/NEXN/EGR2/ETV1/PTCH1/PLXNB2/BDNF/SEMA6A/KLF7/TRIO/UNC5A/EFNB2/ISL1/LAMA2/SEMA4G/SEMA3A/B3GNT2/SHH/LHX4/ARHGEF25/LHX9/NOG/PLXNB3/RELN/KALRN/PRKCQ/PLXNA3/MYCBP2/EPHB3/EXT1/GATA3/CHN1/SEMA3G/PLXNA2/GLI2/EPHA4/KIAA1755",42
"GO","GO:0097485","neuron projection guidance","42/1618","233/18870",3.07018704667835e-06,0.000175452159755766,0.000131298814462694,"SEMA7A/EFNA1/GBX2/EPHB2/EDN1/FLRT3/NEXN/EGR2/ETV1/PTCH1/PLXNB2/BDNF/SEMA6A/KLF7/TRIO/UNC5A/EFNB2/ISL1/LAMA2/SEMA4G/SEMA3A/B3GNT2/SHH/LHX4/ARHGEF25/LHX9/NOG/PLXNB3/RELN/KALRN/PRKCQ/PLXNA3/MYCBP2/EPHB3/EXT1/GATA3/CHN1/SEMA3G/PLXNA2/GLI2/EPHA4/KIAA1755",42
"GO","GO:0048706","embryonic skeletal system development","28/1618","128/18870",3.10863783846558e-06,0.000175924756897242,0.000131652480353617,"GRHL2/NDST1/SIX4/HOXB5/OSR2/HOXA3/PBX1/SIX1/HOXA5/FOXC2/RUNX2/HYAL1/ALX1/HOXA6/EYA1/SHH/SETD2/NOG/MMP14/COL1A1/ACVR2A/DLX1/HOXC9/CHST11/MMP16/DLX2/EXT1/XYLT1",28
"GO","GO:0030638","polyketide metabolic process","7/1618","10/18870",3.20186672621916e-06,0.000176072463652184,0.000131763016022365,"AKR1C3/AKR1C2/AKR1A1/AKR1C1/AKR1C4/AKR1B10/AKR7A2",7
"GO","GO:0030647","aminoglycoside antibiotic metabolic process","7/1618","10/18870",3.20186672621916e-06,0.000176072463652184,0.000131763016022365,"AKR1C3/AKR1C2/AKR1A1/AKR1C1/AKR1C4/AKR1B10/AKR7A2",7
"GO","GO:0044598","doxorubicin metabolic process","7/1618","10/18870",3.20186672621916e-06,0.000176072463652184,0.000131763016022365,"AKR1C3/AKR1C2/AKR1A1/AKR1C1/AKR1C4/AKR1B10/AKR7A2",7
"GO","GO:0002294","CD4-positive, alpha-beta T cell differentiation involved in immune response","20/1618","75/18870",3.32234103123215e-06,0.000180989961411703,0.000135443002788254,"RARA/BCL6/SMAD7/SOCS3/PTGER4/JUNB/ZC3H12A/FOXP1/ENTPD7/NFKBIZ/NLRP3/RC3H1/RORC/RIPK2/ANXA1/RELB/MYB/IL6/LGALS9/GATA3",20
"GO","GO:1901224","positive regulation of non-canonical NF-kappaB signal transduction","19/1618","69/18870",3.45876331962994e-06,0.000186677142501138,0.000139698978523845,"EDN1/RTKN2/PDCD4/EP300/IL1B/TCIM/NLRP3/RC3H1/RIPK1/NFAT5/NOD1/AGER/NOD2/NMI/NR3C2/LGALS9/EIF2AK2/TLR3/TLR4",19
"GO","GO:0002702","positive regulation of production of molecular mediator of immune response","29/1618","136/18870",3.58661633998225e-06,0.00019180171234639,0.000143533926729951,"SEMA7A/F2RL1/ARID5A/EPHB2/KMT5C/MYD88/PANX1/TNFRSF14/IL1B/DHX36/NLRP3/KLK7/RIPK2/RSAD2/RIF1/NOD1/NR4A3/NOD2/BCL10/HLA-F/FZD5/IL6/SIRT1/GATA3/PLCG2/TLR3/PTPN22/TLR4/TICAM1",29
"GO","GO:0044344","cellular response to fibroblast growth factor stimulus","26/1618","115/18870",3.63712286711061e-06,0.000192698930798681,0.000144205356020214,"CCN2/THBS1/EGR3/FGF2/SPRY4/NDST1/CCL2/FLRT3/PRKD2/CXCL8/SPRY2/FRS2/FGFR1/SPRY1/RUNX2/HYAL1/KDM5B/NOG/ZFP36L1/COL1A1/FGFR3/FGF1/EXT1/FGFBP1/GATA3/NR4A1",26
"GO","GO:0002367","cytokine production involved in immune response","27/1618","122/18870",3.6695112915858e-06,0.000192698930798681,0.000144205356020214,"SEMA7A/BCL6/SMAD7/F2RL1/ARID5A/MYD88/PANX1/TNFRSF14/IL1B/DHX36/NLRP3/RIPK2/RSAD2/NOD1/NR4A3/NOD2/BCL10/HLA-F/TNFRSF1B/FZD5/IL6/SIRT1/GATA3/PLCG2/TLR3/TLR4/TICAM1",27
"GO","GO:0043123","positive regulation of canonical NF-kappaB signal transduction","37/1618","196/18870",3.86940381648518e-06,0.000201381739699037,0.000150703096010476,"SLC20A1/F2RL1/BIRC3/PELI1/TNFSF10/PLK2/TRIM38/IL1A/MYD88/IL1B/DHX36/TRIM21/RIPK1/MAP3K14/RIPK2/NOD1/PELI2/BRD4/ALPK1/NOD2/PLEKHG5/IKBKE/APOL3/ANKRD17/REL/BCL10/FBXW11/IFIT5/PRKD1/SECTM1/LGALS9/PRKCE/TLR3/TRIM22/MIER1/TLR4/TICAM1",37
"GO","GO:0007159","leukocyte cell-cell adhesion","64/1618","419/18870",4.01356830869687e-06,0.000207036191782248,0.000154934579145224,"RARA/BCL6/SMAD7/EGR3/ABL2/RUNX1/CCL2/SOX4/ZC3H12A/PELI1/AMBRA1/ITPKB/DUSP10/SELPLG/IL1A/CD24/TNFRSF14/IL1B/NFKBIZ/NLRP3/ADAM8/RC3H1/VNN1/CD274/CBLB/ZMIZ1/EFNB2/RIPK2/NFAT5/MAP3K8/GCNT1/ANXA1/ICAM1/ALOX5/MARCHF7/SHH/VTCN1/AGER/RUNX3/NR4A3/FERMT3/ACTB/CHST4/NOD2/RIPOR2/SOCS1/ARID2/VSIR/PRKCQ/BCL10/IL4I1/LGALS3/IL6/IRF1/ARID1A/IL12A/EXT1/ASS1/LGALS9/GATA3/ITGA5/PTPN22/GLI2/HAS2",64
"GO","GO:0045619","regulation of lymphocyte differentiation","39/1618","212/18870",4.11869417208173e-06,0.000208478060447744,0.000156013594910286,"RARA/BCL6/SMAD7/JUNB/EGR3/INHBA/RUNX1/SOX4/ZC3H12A/AMBRA1/ITPKB/DUSP10/NFKBIZ/NLRP3/ADAM8/RC3H1/VNN1/ZMIZ1/RIPK2/IL15RA/ANXA1/SHH/RUNX3/ACTB/SOCS1/ZFP36L1/PRDM1/ARID2/MMP14/VSIR/IL4I1/CYP26B1/IRF1/ARID1A/INHA/LGALS9/GATA3/IKZF3/GLI2",39
"GO","GO:0002287","alpha-beta T cell activation involved in immune response","20/1618","76/18870",4.14881712333819e-06,0.000208478060447744,0.000156013594910286,"RARA/BCL6/SMAD7/SOCS3/PTGER4/JUNB/ZC3H12A/FOXP1/ENTPD7/NFKBIZ/NLRP3/RC3H1/RORC/RIPK2/ANXA1/RELB/MYB/IL6/LGALS9/GATA3",20
"GO","GO:0002293","alpha-beta T cell differentiation involved in immune response","20/1618","76/18870",4.14881712333819e-06,0.000208478060447744,0.000156013594910286,"RARA/BCL6/SMAD7/SOCS3/PTGER4/JUNB/ZC3H12A/FOXP1/ENTPD7/NFKBIZ/NLRP3/RC3H1/RORC/RIPK2/ANXA1/RELB/MYB/IL6/LGALS9/GATA3",20
"GO","GO:0045621","positive regulation of lymphocyte differentiation","28/1618","130/18870",4.27658426935398e-06,0.000209373846821916,0.000156683952511493,"RARA/BCL6/EGR3/RUNX1/SOX4/AMBRA1/ITPKB/DUSP10/NFKBIZ/NLRP3/ADAM8/VNN1/ZMIZ1/RIPK2/IL15RA/ANXA1/SHH/RUNX3/ACTB/SOCS1/ARID2/MMP14/VSIR/IL4I1/ARID1A/LGALS9/GATA3/GLI2",28
"GO","GO:0051091","positive regulation of DNA-binding transcription factor activity","43/1618","244/18870",4.30910698249894e-06,0.000209373846821916,0.000156683952511493,"TRIM31/ARID5B/JMY/EDN1/PRKD2/RTKN2/IRAK2/TRIM38/MYD88/EP300/IL1B/HDAC5/TRIM21/NLRP3/ADAM8/RIPK1/RIPK2/NOD1/BMP2/TRIM26/ADCY1/SHH/AGER/NKX6-1/RGCC/RHEBL1/NOD2/IKBKE/RELN/DDR2/PRKCQ/BCL10/PRKD1/IL6/TRAF1/AR/LGALS9/PLCG2/EIF2AK2/STING1/TRIM22/TLR4/TICAM1",43
"GO","GO:0002062","chondrocyte differentiation","26/1618","116/18870",4.31032108743007e-06,0.000209373846821916,0.000156683952511493,"CCN2/SLC26A2/SMAD7/CHSY1/WNT7A/SOX9/RUNX1/ARID5A/RARB/OSR2/PKDCC/MEF2C/FOSL2/TRPS1/RUNX2/HMGA2/BMP2/RUNX3/WNT2B/MEF2D/PTHLH/SCIN/FGFR3/CHST11/EXT1/SOX6",26
"GO","GO:0045582","positive regulation of T cell differentiation","26/1618","116/18870",4.31032108743007e-06,0.000209373846821916,0.000156683952511493,"RARA/BCL6/EGR3/RUNX1/SOX4/AMBRA1/ITPKB/DUSP10/NFKBIZ/NLRP3/ADAM8/VNN1/ZMIZ1/RIPK2/ANXA1/SHH/RUNX3/ACTB/SOCS1/ARID2/VSIR/IL4I1/ARID1A/LGALS9/GATA3/GLI2",26
"GO","GO:0097191","extrinsic apoptotic signaling pathway","41/1618","229/18870",4.76920919816834e-06,0.000229749755505151,0.000171932169788687,"SKIL/THBS1/INHBA/MKNK2/PML/SERPINE1/TNFSF10/TNFRSF10A/BCL2L14/IL1A/ERBB3/IL1B/TCF7L2/FGFR1/NFKBIZ/CTTN/RIPK1/ICAM1/EYA1/ATF3/CSF2/PMAIP1/ITPRIP/PIK3R1/GPER1/BCL10/G0S2/TIMP3/LGALS3/TNFAIP3/TNFRSF1B/FGFR3/DEPTOR/FAS/IL12A/EYA4/TRAF1/AR/TLR3/TLR4/IFI27",41
"GO","GO:0048562","embryonic organ morphogenesis","49/1618","295/18870",5.37547679210346e-06,0.000256833231321075,0.000192199963990309,"EPHA2/EFNA1/GRHL2/LRIG3/GBX2/CITED2/NDST1/SOX9/RARB/SIX4/EPHB2/EDN1/TSHZ1/HOXB5/SPRY2/OSR2/HOXA3/MEF2C/FRS2/SIX1/HOXA5/RNF207/ALDH1A3/FOXC2/USH1C/GRHL3/RUNX2/HYAL1/ALX1/MESP1/TRIOBP/EYA1/TBX6/SHH/TMIE/SETD2/SLC44A4/NOG/MMP14/TMED2/MYO3B/TBX20/STRA6/HOXC9/FZD5/CHST11/MMP16/DLX2/GATA3",49
"GO","GO:0035270","endocrine system development","29/1618","139/18870",5.65394439898796e-06,0.000267941804078868,0.000200513013174207,"FGF2/ARID5B/CITED2/SOX9/SOX4/EDN1/GATA6/NR3C1/HOXA3/PBX1/SIX1/GIPR/HOXA5/ISL1/ANXA1/BMP2/SHH/RFX3/NKX6-1/BHLHA15/NOG/TG/TSPO/CDKN1C/CTNS/STRA6/IL6/GATA3/GLI2",29
"GO","GO:0006935","chemotaxis","69/1618","468/18870",5.97181130206507e-06,0.000276431879596266,0.000206866522026334,"PDGFB/CXCR4/THBS1/SEMA7A/EPHA2/CCN1/FOSL1/DUSP1/F3/F2RL1/HBEGF/EGR3/EDN2/FGF2/CCL2/PIP5K1A/SERPINE1/EDN1/PLD1/FLRT3/PRKD2/CXCL8/NEDD9/CSF1/IL1B/SEMA6A/FGFR1/CMTM7/ADAM8/EFNB2/SEMA4G/NRG1/SEMA3A/PLA2G6/ANXA1/CCRL2/ALOX5/COLEC10/ADGRA2/CXCL2/TNFAIP6/AGER/CXCL1/CMTM1/NOD2/PLEKHG5/RIPOR2/PLXNB3/PRKCQ/CXCL3/PLXNA3/LGALS3/PRKD1/ITGA9/CCL20/TYMP/MYCBP2/CASR/IL6/FGF1/CORO1B/DOCK4/PLAUR/IL12A/LGALS9/SEMA3G/DEFB1/CXCL17/NR4A1",69
"GO","GO:0060840","artery development","25/1618","111/18870",5.97536744366606e-06,0.000276431879596266,0.000206866522026334,"SMAD7/CITED2/NDST1/SOX4/EDN1/EGR2/ACVR2B/ADAMTS9/SIX1/CNTRL/FOXC2/ZMIZ1/EFNB2/NKX3-1/EYA1/SHH/HOXA13/NOG/PRDM1/ARID2/PRICKLE1/ADAMTS6/STRA6/APOE/EFEMP2",25
"GO","GO:0071347","cellular response to interleukin-1","25/1618","111/18870",5.97536744366606e-06,0.000276431879596266,0.000206866522026334,"ANKRD1/EGR1/SOX9/CCL2/EDN1/ZC3H12A/IRAK2/CXCL8/MYD88/IL1B/RC3H1/NFKB1/OTUD4/GBP1/HYAL1/NKX3-1/GBP2/KLF2/NR1D1/NFKBIA/CCL20/ZNF675/IL6/PTGIS/HAS2",25
"GO","GO:2000514","regulation of CD4-positive, alpha-beta T cell activation","20/1618","78/18870",6.38183409138346e-06,0.00029291110959586,0.000219198677784443,"RARA/BCL6/SMAD7/JUNB/RUNX1/ZC3H12A/NFKBIZ/NLRP3/RC3H1/CD274/CBLB/RIPK2/ANXA1/AGER/RUNX3/SOCS1/VSIR/PRKCQ/LGALS9/GATA3",20
"GO","GO:1901654","response to ketone","38/1618","208/18870",6.44260560690091e-06,0.000293390219395511,0.00021955721739307,"CDKN1A/THBS1/FOSL1/TXNIP/FOSB/FBXO32/FOS/PTGER4/INHBA/EDN1/FOXP1/ABHD2/KLF9/AKR1C3/NR3C1/AKR1C2/NEFL/SCNN1A/NKX3-1/AHR/ADCY1/XRN1/KLF2/HOXA13/TSPO/PTGFR/WBP2/HOXB13/PRKD1/UCN3/SGK1/SIRT1/ACE/AR/ASS1/TRERF1/PRKCE/OXTR",38
"GO","GO:1903037","regulation of leukocyte cell-cell adhesion","59/1618","382/18870",6.67636000984671e-06,0.000301678313933306,0.000225759574710769,"RARA/BCL6/SMAD7/EGR3/ABL2/RUNX1/CCL2/SOX4/ZC3H12A/PELI1/AMBRA1/ITPKB/DUSP10/IL1A/CD24/TNFRSF14/IL1B/NFKBIZ/NLRP3/ADAM8/RC3H1/VNN1/CD274/CBLB/ZMIZ1/EFNB2/RIPK2/NFAT5/MAP3K8/GCNT1/ANXA1/ALOX5/MARCHF7/SHH/VTCN1/AGER/RUNX3/NR4A3/ACTB/CHST4/NOD2/RIPOR2/SOCS1/ARID2/VSIR/PRKCQ/BCL10/IL4I1/LGALS3/IL6/IRF1/ARID1A/IL12A/ASS1/LGALS9/GATA3/PTPN22/GLI2/HAS2",59
"GO","GO:0032481","positive regulation of type I interferon production","19/1618","72/18870",6.86408946464049e-06,0.000307775211456841,0.000230322159849961,"ARRDC4/MYD88/DHX36/DHX58/RIPK2/ZBTB20/ZC3HAV1/SETD2/IKBKE/TRAF3/IRF1/PLCG2/STING1/TLR3/PTPN22/STAT1/OAS3/TLR4/TICAM1",19
"GO","GO:0042330","taxis","69/1618","470/18870",6.91979759360706e-06,0.000307904581474317,0.000230418973305807,"PDGFB/CXCR4/THBS1/SEMA7A/EPHA2/CCN1/FOSL1/DUSP1/F3/F2RL1/HBEGF/EGR3/EDN2/FGF2/CCL2/PIP5K1A/SERPINE1/EDN1/PLD1/FLRT3/PRKD2/CXCL8/NEDD9/CSF1/IL1B/SEMA6A/FGFR1/CMTM7/ADAM8/EFNB2/SEMA4G/NRG1/SEMA3A/PLA2G6/ANXA1/CCRL2/ALOX5/COLEC10/ADGRA2/CXCL2/TNFAIP6/AGER/CXCL1/CMTM1/NOD2/PLEKHG5/RIPOR2/PLXNB3/PRKCQ/CXCL3/PLXNA3/LGALS3/PRKD1/ITGA9/CCL20/TYMP/MYCBP2/CASR/IL6/FGF1/CORO1B/DOCK4/PLAUR/IL12A/LGALS9/SEMA3G/DEFB1/CXCL17/NR4A1",69
"GO","GO:1901653","cellular response to peptide","58/1618","374/18870",7.02380116129446e-06,0.00031016467400898,0.00023211030312922,"NCOA5/GDF15/SOCS3/PDK4/FOS/INHBA/BCAR3/KLF11/NFE2L2/EPHB2/NR1H4/EDN1/SLC27A1/PTPRE/SLC25A33/ZNF592/IL1B/GRB10/HDAC5/FOXC2/RIPK2/PNPLA3/NFKB1/NR4A2/NOD1/UCP2/ADRB2/ICAM1/SCNN1A/FOXO4/SPINK1/KLF3/AGER/KLF2/NKX6-1/NR4A3/NOD2/SOCS1/PIK3R1/ZFP36L1/GPER1/DDR2/AHSG/PRKCQ/PRKD1/IRS1/CASR/SIRT1/ERFE/CTSD/ASS1/SLC30A10/PTPN22/STAT1/IRS2/EPHA4/TLR4/NR4A1",58
"GO","GO:0072006","nephron development","31/1618","156/18870",7.84327131858283e-06,0.000343747582827213,0.000257241918038839,"PDGFB/MYC/LIF/FGF2/EGR1/SOX9/SIX4/PTCH1/CD24/MEF2C/PBX1/SIX1/FOXC2/MTSS1/GZF1/BMP2/PODXL/EYA1/SHH/ERBB4/WNT2B/NOG/MPV17/CTNS/FGF1/DCHS1/EXT1/GATA3/SLC22A1/ACTA2/STAT1",31
"GO","GO:0050679","positive regulation of epithelial cell proliferation","39/1618","218/18870",8.20801994331236e-06,0.000355739099136207,0.000266215713956613,"PDGFB/MYC/F3/EGR3/FGF2/WNT7A/SRSF6/SOX9/PRKD2/IQGAP3/OSR2/TCF7L2/FGFR1/RICTOR/RUNX2/HYAL1/EYA1/SPINK1/KDM5B/SHH/RREB1/NR4A3/NOD2/NOG/PLXNB3/ODAM/POLD4/PRKD1/TNFAIP3/JCAD/FGF1/SIRT1/TP63/AR/FGFBP1/ANG/IRS2/HAS2/NR4A1",39
"GO","GO:0032760","positive regulation of tumor necrosis factor production","24/1618","106/18870",8.27981717223342e-06,0.000355739099136207,0.000266215713956613,"THBS1/NFATC4/ARID5A/EPHB2/IL1A/MYD88/RIPK1/RIPK2/ISL1/NOD1/ZBTB20/AGER/NOD2/PIK3R1/LRRK2/FZD5/IL6/LGALS9/PLCG2/TLR3/CYBA/OAS3/TLR4/TICAM1",24
"GO","GO:0072009","nephron epithelium development","26/1618","120/18870",8.29996868802953e-06,0.000355739099136207,0.000266215713956613,"MYC/LIF/FGF2/SOX9/SIX4/PTCH1/CD24/MEF2C/PBX1/SIX1/FOXC2/MTSS1/GZF1/BMP2/PODXL/EYA1/SHH/WNT2B/NOG/CTNS/FGF1/DCHS1/EXT1/GATA3/SLC22A1/STAT1",26
"GO","GO:0035914","skeletal muscle cell differentiation","19/1618","73/18870",8.54032860570868e-06,0.000360736053932434,0.000269955162029419,"ANKRD1/FOS/EGR1/CITED2/SIX4/EGR2/ZNF689/MEF2C/FOXN2/SIX1/BCL9/SHH/ATF3/COPS2/MEF2D/CYP26B1/RBM24/MYLK2/NR4A1",19
"GO","GO:0042093","T-helper cell differentiation","19/1618","73/18870",8.54032860570868e-06,0.000360736053932434,0.000269955162029419,"RARA/BCL6/SMAD7/SOCS3/PTGER4/JUNB/ZC3H12A/FOXP1/ENTPD7/NFKBIZ/NLRP3/RC3H1/RORC/RIPK2/ANXA1/RELB/MYB/IL6/GATA3",19
"GO","GO:2000628","regulation of miRNA metabolic process","21/1618","86/18870",8.66135493320488e-06,0.000363216100040656,0.000271811093095047,"PDGFB/RARA/MYC/FOSL1/JUN/FOS/FGF2/EGR1/SOX9/NFATC4/ZC3H12A/GATA6/PNPT1/NR3C1/MRTFA/RC3H1/NFKB1/BMP2/MYB/AR/GATA3",21
"GO","GO:0050870","positive regulation of T cell activation","43/1618","251/18870",9.02267530488575e-06,0.000375242183545232,0.00028081075721419,"RARA/BCL6/EGR3/ABL2/RUNX1/CCL2/SOX4/AMBRA1/ITPKB/DUSP10/IL1A/CD24/TNFRSF14/IL1B/NFKBIZ/NLRP3/ADAM8/VNN1/CD274/ZMIZ1/EFNB2/RIPK2/MAP3K8/ANXA1/SHH/VTCN1/AGER/RUNX3/ACTB/NOD2/SOCS1/ARID2/VSIR/PRKCQ/BCL10/IL4I1/IL6/ARID1A/IL12A/LGALS9/GATA3/PTPN22/GLI2",43
"GO","GO:0001655","urogenital system development","18/1618","67/18870",9.07688246352336e-06,0.000375242183545232,0.00028081075721419,"RARA/SOX9/EPHB2/PTCH1/OSR2/PBX1/FRS2/WDR77/ANXA1/NKX3-1/SHH/HOXA13/NOG/HOXB13/EPHB3/TP63/AR/PSAP",18
"GO","GO:0039531","regulation of viral-induced cytoplasmic pattern recognition receptor signaling pathway","22/1618","93/18870",9.24743850473364e-06,0.000379600838338679,0.000284072536424138,"F2RL1/TRIM31/BIRC3/PELI1/MYD88/DHX58/PUM1/NOP53/GPATCH3/RSAD2/GBP2/USP15/ANKRD17/PRKD1/TNFAIP3/TKFC/SIRT2/PLCG2/EIF2AK2/PTPN22/SLC15A3/TLR4",22
"GO","GO:0072080","nephron tubule development","23/1618","100/18870",9.62722737704018e-06,0.000392038908635767,0.000293380508959128,"MYC/LIF/FGF2/SOX9/SIX4/PTCH1/CD24/MEF2C/PBX1/SIX1/MTSS1/GZF1/BMP2/EYA1/SHH/WNT2B/NOG/CTNS/FGF1/DCHS1/GATA3/SLC22A1/STAT1",23
"GO","GO:0003156","regulation of animal organ formation","11/1618","28/18870",9.68495502548473e-06,0.000392038908635767,0.000293380508959128,"FGF2/CITED2/FRS2/SIX1/SPRY1/MESP1/BMP2/SHH/WNT2B/FGF1/AR",11
"GO","GO:0071900","regulation of protein serine/threonine kinase activity","47/1618","285/18870",1.00829701095857e-05,0.000405335398405347,0.000303330875746812,"PDGFB/GTPBP4/CDKN1A/THBS1/DUSP1/GADD45A/CCNG2/FGF2/SPRY4/CBLC/EDN1/SPRY2/MST1R/DUSP10/PDCD4/CD24/IL1B/LATS2/FGFR1/MAP3K5/APC/TCIM/ADAM8/SPRY1/DUSP16/ADRB2/HMGA2/BMP2/CDC25C/MST1/ACTB/RGCC/NOD2/ADRA2A/CDKN1C/LRRK2/CDKN2B/SLC8A2/ZNF675/APOE/TRIB1/FGF1/SIRT1/PTPN22/SPDYA/TLR4/CCND2",47
"GO","GO:0003018","vascular process in circulatory system","45/1618","269/18870",1.06268249992272e-05,0.000424272348770516,0.00031750225520402,"SLC2A1/F2RL1/ADORA2B/EDN2/HRH1/EDN1/SLC27A1/PER2/HTR1D/FOXC2/ADM/PDE3A/P2RY2/ADRB2/ABCC3/AGER/KLF2/TJP2/ADRA2A/SLC5A1/MFSD2A/SLC22A3/GPER1/ADRA1B/ABCA2/SLC6A13/SLC8A2/CASR/APOE/SLC16A12/ABCC2/DOCK4/ACE/EXT1/DRD1/PTGS2/SLC22A1/ACTA2/OXTR/AVPR1B/BDKRB2/ARHGAP42/TJP1/C2CD4A/ATP8A1",45
"GO","GO:0061082","myeloid leukocyte cytokine production","15/1618","50/18870",1.17326511987678e-05,0.0004581431499164,0.000342849313009104,"SEMA7A/BCL6/MYD88/PANX1/DHX36/RIPK2/NOD1/NR4A3/NOD2/BCL10/SIRT1/PLCG2/TLR3/TLR4/TICAM1",15
"GO","GO:0051056","regulation of small GTPase mediated signal transduction","48/1618","295/18870",1.17799065035995e-05,0.0004581431499164,0.000342849313009104,"BCL6/F2RL1/FAM13B/SPRY4/PLEKHG6/PRAG1/ABL2/LPAR6/SPATA13/EPHB2/PLEKHG3/SPRY2/ITPKB/EPS8L3/ARHGAP40/DENND3/CSF1/FLCN/SRGAP2/TRIO/EPS8L1/ARHGAP24/SPRY1/SH3BP1/DLC1/RTN4R/ARHGEF25/FGD3/FBXO8/FGD4/PLEKHG5/RIPOR2/ARHGEF9/ABCA1/RELN/STARD13/STMN1/KALRN/RALGPS1/CYTH4/DNMBP/APOE/SIPA1L2/ARHGAP17/CHN1/RASGEF1A/GNA13/ARHGAP42",48
"GO","GO:0061333","renal tubule morphogenesis","20/1618","81/18870",1.17895818300669e-05,0.0004581431499164,0.000342849313009104,"MYC/FGF2/SOX9/SIX4/PTCH1/MEF2C/PBX1/SIX1/MTSS1/GZF1/COL4A1/BMP2/EYA1/SHH/WNT2B/NOG/CTNS/FGF1/DCHS1/GATA3",20
"GO","GO:0072028","nephron morphogenesis","20/1618","81/18870",1.17895818300669e-05,0.0004581431499164,0.000342849313009104,"MYC/LIF/FGF2/SOX9/SIX4/PTCH1/PBX1/SIX1/GZF1/BMP2/EYA1/SHH/ERBB4/WNT2B/NOG/CTNS/FGF1/DCHS1/GATA3/STAT1",20
"GO","GO:0071706","tumor necrosis factor superfamily cytokine production","35/1618","191/18870",1.37323008740396e-05,0.000526615669702479,0.00039409040735471,"RARA/THBS1/NFATC4/ARID5A/EPHB2/NR1H4/ZC3H12A/FOXP1/IL1A/MYD88/ADAM8/RIPK1/CD274/RIPK2/ISL1/NOD1/ZBTB20/AGER/NOD2/TSPO/PIK3R1/LRRK2/VSIR/BCL10/TNFAIP3/FZD5/IL6/LGALS9/PLCG2/TLR3/PTPN22/CYBA/OAS3/TLR4/TICAM1",35
"GO","GO:1903555","regulation of tumor necrosis factor superfamily cytokine production","35/1618","191/18870",1.37323008740396e-05,0.000526615669702479,0.00039409040735471,"RARA/THBS1/NFATC4/ARID5A/EPHB2/NR1H4/ZC3H12A/FOXP1/IL1A/MYD88/ADAM8/RIPK1/CD274/RIPK2/ISL1/NOD1/ZBTB20/AGER/NOD2/TSPO/PIK3R1/LRRK2/VSIR/BCL10/TNFAIP3/FZD5/IL6/LGALS9/PLCG2/TLR3/PTPN22/CYBA/OAS3/TLR4/TICAM1",35
"GO","GO:0034405","response to fluid shear stress","12/1618","34/18870",1.3908978194762e-05,0.000529904796714169,0.000396551810382482,"SMAD7/CITED2/NFE2L2/MEF2C/MTSS1/KLF2/CSF2/ABCA1/ACE/ASS1/PTGS2/HAS2",12
"GO","GO:0031349","positive regulation of defense response","69/1618","480/18870",1.41471897165935e-05,0.000535480317259893,0.000400724225465232,"FOSL1/F2RL1/TRIM31/PTGER4/ADORA2B/CREBBP/BIRC3/SERPINE1/NR1H4/PELI1/IRAK2/PDCD4/MYD88/EP300/IL1B/MEF2C/DHX58/PUM1/NOP53/NFKBIZ/NLRP3/ADAM8/KLK7/RIPK1/GPATCH3/PIK3AP1/EREG/RIPK2/RSAD2/NOD1/OTUD4/GBP2/ALPK1/COLEC10/USP15/NR1D1/NFKBIA/OPTN/NOD2/PARP9/IKBKE/NLRC5/PIK3R1/LRRK2/ANKRD17/BCL10/PRKD1/HLA-F/NMI/TNFAIP3/TRAF3/IL6/IRF1/IL12A/TKFC/SIRT2/PLCG2/PTGS2/PRKCE/EIF2AK2/STING1/TLR3/PTPN22/CYBA/SLC15A3/OAS3/TLR4/TICAM1/C2CD4A",69
"GO","GO:0045444","fat cell differentiation","42/1618","248/18870",1.52246990588285e-05,0.000572546908476846,0.000428462838029101,"ARID5B/NOCT/ZC3H12A/EGR2/PIM1/DUSP10/PER2/EP300/RETREG1/IL11/ADGRF1/TCF7L2/SIX1/FLCN/OSBPL11/TRIO/FOSL2/RORC/PNPLA3/BBS12/NR4A2/ZNF385A/ADRB2/HMGA2/BMP2/ALOX5/NUDT7/RREB1/NR4A3/NR1D1/STEAP4/SOCS1/ZFP36L1/GPER1/MEDAG/ALOXE3/IL6/SIRT1/TMEM120A/SIRT2/PTGS2/NR4A1",42
"GO","GO:0001823","mesonephros development","23/1618","103/18870",1.61298297012406e-05,0.000602697290567511,0.000451025737395015,"RARA/MYC/SMAD7/FGF2/SOX9/RARB/SIX4/PTCH1/OSR2/PBX1/SIX1/FOXC2/SPRY1/GZF1/BMP2/EYA1/SHH/WNT2B/SDC1/NOG/FGF1/DCHS1/GATA3",23
"GO","GO:0035265","organ growth","33/1618","177/18870",1.6537470509479e-05,0.000613993092992058,0.000459478899036413,"RARA/DUSP6/FGF2/CITED2/SOX9/RUNX1/RARB/STC1/EDN1/FOXP1/ACVR2B/GATA6/SPRY2/PIM1/MEF2C/LATS2/FOSL2/FOXC2/THBS3/MESP1/SORBS2/SHH/ERBB4/NOG/ARID2/DDR2/MAP2K4/MEIS1/TBX20/FGFR3/EXT1/AR/PSAP",33
"GO","GO:0007492","endoderm development","20/1618","83/18870",1.7397990781015e-05,0.000639958538314138,0.000478910020274993,"DUSP1/INHBA/DUSP5/DUSP4/GATA6/DUSP2/COL7A1/TNRC6A/MESP1/HMGA2/SETD2/NOG/ZFP36L1/ITGA7/COL8A1/MMP14/TBX20/ARC/EXT1/ITGA5",20
"GO","GO:0019216","regulation of lipid metabolic process","53/1618","342/18870",1.75424618038171e-05,0.000639958538314138,0.000478910020274993,"PDGFB/SIK1/CCN1/PDK4/FGF2/EGR1/SOX9/NR1H4/PIK3IP1/SLC27A1/HCAR1/AMBRA1/AKR1C3/IL1A/NR3C1/ADGRF1/IL1B/DDX20/RORC/ACADVL/NFKB1/ADM/PLA2G6/ANXA1/ZBTB20/BMP2/NR4A3/NR1D1/MLXIPL/NOD2/ADRA2A/TSPO/MFSD2A/GPER1/RNF213/ABCA7/ABCA2/PRKD1/NPC2/IRS1/TTC39B/FGFR3/APOE/FGF1/SIRT1/ERFE/SIRT2/PLCG2/PTGS2/PRKCE/PSAP/IRS2/SNAI1",53
"GO","GO:0071456","cellular response to hypoxia","29/1618","147/18870",1.75661976548743e-05,0.000639958538314138,0.000478910020274993,"MYC/PLK3/FOS/EGR1/CITED2/NFE2L2/STC1/EDN1/GATA6/TIGAR/NOP53/ADAM8/NKX3-1/PMAIP1/EGLN3/RGCC/NDRG1/ZFP36L1/DDR2/PGK1/UCN3/CASR/SIRT1/SIRT2/PTGS2/PRKCE/PTGIS/EPHA4/TMBIM6",29
"GO","GO:0007389","pattern specification process","68/1618","475/18870",1.86584080451791e-05,0.000668837007019609,0.000500521089125924,"BHLHE40/ETS2/LFNG/CHSY1/FGF2/GBX2/WNT7A/CITED2/TRA2B/STC1/EDN1/TSHZ1/BCOR/HOXB5/EGR2/ACVR2B/PTCH1/EP300/HOXA3/MEF2C/PBX1/FRS2/SIX1/WDR77/APC/HOXA5/RNF207/FOXC2/SPRY1/ISL1/GRHL3/CXXC4/MESP1/HOXA6/NKX3-1/BMP2/RNF111/EYA1/TBX6/SHH/RFX3/ERBB4/WNT2B/FST/NOG/DZIP1L/DYNC2LI1/RELN/TMED2/PRICKLE1/MEIS1/ACVR2A/TBX20/DLX1/CYP26B1/HOXC9/ARC/FZD5/FGF1/DCHS1/TP63/DLX2/EXT1/AR/PLXNA2/GLI2/ITGAM/SNAI1",68
"GO","GO:0007584","response to nutrient","30/1618","155/18870",1.86912941501589e-05,0.000668837007019609,0.000500521089125924,"RARA/STC1/NR1H4/PLD1/MN1/PIM1/AKR1C3/IL1A/GIPR/NFKBIZ/LRAT/GDAP1/RUNX2/CYP1A1/BMT2/MLXIPL/NOD2/TSPO/ABCA1/OGG1/ADSL/COL1A1/TRIM24/CDKN2B/UCP3/CYP26B1/CASR/ASS1/PTGS2/STAT1",30
"GO","GO:0070555","response to interleukin-1","28/1618","140/18870",1.87031106783662e-05,0.000668837007019609,0.000500521089125924,"ANKRD1/EGR1/SOX9/CCL2/EDN1/ZC3H12A/IRAK2/CXCL8/MYD88/IL1B/RC3H1/RIPK2/NFKB1/OTUD4/GBP1/HYAL1/ANXA1/NKX3-1/GBP2/KLF2/NR1D1/NFKBIA/CCL20/ZNF675/IL6/LGALS9/PTGIS/HAS2",28
"GO","GO:1902106","negative regulation of leukocyte differentiation","24/1618","111/18870",1.89041096287749e-05,0.000671902774549567,0.00050281534211581,"RARA/MYC/BCL6/SMAD7/INHBA/RUNX1/ZC3H12A/RC3H1/ZBTB46/ANXA1/FSTL3/SHH/TNFAIP6/RUNX3/SOCS1/PIK3R1/TMEM178A/ZNF675/IRF1/TRIB1/ERFE/INHA/TLR3/TLR4",24
"GO","GO:0001706","endoderm formation","16/1618","58/18870",1.96689634051039e-05,0.000694337653323824,0.000519604380163416,"DUSP1/INHBA/DUSP5/DUSP4/GATA6/DUSP2/COL7A1/MESP1/HMGA2/SETD2/NOG/ITGA7/COL8A1/MMP14/TBX20/ITGA5",16
"GO","GO:0061041","regulation of wound healing","27/1618","133/18870",1.97735547180914e-05,0.000694337653323824,0.000519604380163416,"PDGFB/CXCR4/THBS1/F3/F2RL1/HBEGF/FGF2/SRSF6/NFE2L2/EPHB2/SERPINE1/EDN1/FERMT1/FOXC2/ANXA1/CLDN3/ALOX5/VKORC1/RREB1/ADRA2A/TSPAN8/DDR2/TNFAIP3/APOE/PLAUR/FAP/PRKCE",27
"GO","GO:0002292","T cell differentiation involved in immune response","20/1618","84/18870",2.10152586037646e-05,0.0007335206131817,0.000548926767437759,"RARA/BCL6/SMAD7/SOCS3/PTGER4/JUNB/ZC3H12A/FOXP1/ENTPD7/NFKBIZ/NLRP3/RC3H1/RORC/RIPK2/ANXA1/RELB/MYB/IL6/LGALS9/GATA3",20
"GO","GO:0001657","ureteric bud development","22/1618","98/18870",2.24045549386848e-05,0.000777358040104723,0.000581732303671113,"RARA/MYC/SMAD7/FGF2/SOX9/RARB/SIX4/PTCH1/PBX1/SIX1/FOXC2/SPRY1/GZF1/BMP2/EYA1/SHH/WNT2B/SDC1/NOG/FGF1/DCHS1/GATA3",22
"GO","GO:0090130","tissue migration","57/1618","380/18870",2.2773410054248e-05,0.000785480516013088,0.00058781072105141,"PDGFB/THBS1/EPHA2/RHOB/EFNA1/GRHL2/GADD45A/HBEGF/EGR3/EDN2/FGF2/WNT7A/ID1/SOX9/NFE2L2/STC1/EDN1/PRKD2/ZC3H12A/FOXP1/PLK2/ADAMTS9/DUSP10/FERMT1/MEF2C/FGFR1/HDAC5/FOXC2/EFNB2/S100A2/HYAL1/ANXA1/SH3BP1/ADGRA2/RREB1/RGCC/PLEKHG5/STARD13/BCAS3/S100P/PRKD1/JCAD/APOE/FGF1/SIRT1/CORO1B/FGFBP1/GATA3/PLCG2/FAP/PTGS2/PRKCE/ACTA2/IRS2/SNAI1/HAS2/NR4A1",57
"GO","GO:0007517","muscle organ development","54/1618","354/18870",2.30736107310245e-05,0.000791153393830245,0.000592055992999166,"ANKRD1/LIF/SMAD7/HBEGF/FOS/EGR3/ARID5B/EGR1/CITED2/SIX4/EGR2/ZNF689/ETV1/ERBB3/EP300/MEF2C/FOXN2/SIX1/SRI/BCL9/ZFHX3/FOXC2/TAGLN/ISL1/LAMA2/NRG1/BMP2/FOXO4/SHH/ATF3/RCAN1/SPEG/CNTF/RIPOR2/NEB/NOG/COPS2/ITGA7/TCF12/MEF2D/SFMBT1/TBX20/STRA6/CYP26B1/MYH3/EFEMP2/RBM24/SIRT1/DPF3/ASS1/SIRT2/SOX6/MYLK2/NR4A1",54
"GO","GO:0009410","response to xenobiotic stimulus","63/1618","434/18870",2.43852808467892e-05,0.000831238608514234,0.000622053578510891,"CXCR4/CDKN1A/MYC/THBS1/ANKRD1/FOSL1/TXNIP/FOSB/DUSP6/FOS/BCAR3/NFE2L2/EDN1/GATA6/MBD1/PTCH1/TIGAR/NAT1/IL1B/MEF2C/N6AMT1/NFKBIZ/HDAC5/FOSL2/RORC/CYP3A5/PDE3A/UGT2B15/NKX3-1/ABCC3/AHR/NFATC2/CYP1A1/ADCY1/VKORC1/AKR1C1/NKX6-1/GSTM4/TSPO/CBR3/ABCA1/OGG1/CRYZ/PRICKLE1/ABCA2/COL1A1/CYP26B1/NR1I2/ABCC2/ACE/PDE4A/DRD1/ASS1/EPHX1/SLC28A3/PTGS2/TLR3/SLC22A1/CYP2W1/OXTR/STAT1/SLCO1B3/GSTA4",63
"GO","GO:0043405","regulation of MAP kinase activity","28/1618","142/18870",2.4575321800995e-05,0.000832846225453489,0.00062325663123209,"PDGFB/THBS1/DUSP1/FGF2/SPRY4/CBLC/EDN1/SPRY2/MST1R/DUSP10/PDCD4/CD24/IL1B/FGFR1/MAP3K5/ADAM8/SPRY1/DUSP16/BMP2/NOD2/ADRA2A/LRRK2/ZNF675/APOE/TRIB1/FGF1/PTPN22/TLR4",28
"GO","GO:0046636","negative regulation of alpha-beta T cell activation","14/1618","47/18870",2.50010577002822e-05,0.000842376678236675,0.000630388701612226,"BCL6/SMAD7/RUNX1/ZC3H12A/TNFRSF14/RC3H1/CD274/CBLB/ANXA1/SHH/RUNX3/SOCS1/VSIR/LGALS9",14
"GO","GO:0007162","negative regulation of cell adhesion","49/1618","312/18870",2.51794178029223e-05,0.000843510496397898,0.000631237189203328,"GTPBP4/THBS1/DUSP1/BCL6/SMAD7/SPRY4/RUNX1/EPHB2/SERPINE1/ZC3H12A/PELI1/PLXNB2/ERBB3/TNFRSF14/SEMA6A/AKNA/RC3H1/CD274/CBLB/GBP1/ANXA1/BMP2/DLC1/PODXL/MARCHF7/SHH/RND1/VTCN1/RUNX3/RGCC/RIPOR2/PLXNB3/SOCS1/PIK3R1/MMP14/VSIR/PLXNA3/IL4I1/LGALS3/COL1A1/CDSN/MUC1/IRF1/ASS1/LGALS9/PLXNA2/ABCA12/PTPN22/EPHA4",49
"GO","GO:0140747","regulation of ncRNA transcription","21/1618","92/18870",2.61729058714473e-05,0.000869174147589425,0.000650442464196365,"PDGFB/RARA/MYC/FOSL1/JUN/FOS/FGF2/EGR1/SOX9/NFATC4/ZC3H4/GATA6/NR3C1/IPPK/NOP53/MRTFA/ZNF143/BMP2/MYB/AR/GATA3",21
"GO","GO:0072163","mesonephric epithelium development","22/1618","99/18870",2.65032829155739e-05,0.000869174147589425,0.000650442464196365,"RARA/MYC/SMAD7/FGF2/SOX9/RARB/SIX4/PTCH1/PBX1/SIX1/FOXC2/SPRY1/GZF1/BMP2/EYA1/SHH/WNT2B/SDC1/NOG/FGF1/DCHS1/GATA3",22
"GO","GO:0072164","mesonephric tubule development","22/1618","99/18870",2.65032829155739e-05,0.000869174147589425,0.000650442464196365,"RARA/MYC/SMAD7/FGF2/SOX9/RARB/SIX4/PTCH1/PBX1/SIX1/FOXC2/SPRY1/GZF1/BMP2/EYA1/SHH/WNT2B/SDC1/NOG/FGF1/DCHS1/GATA3",22
"GO","GO:0045580","regulation of T cell differentiation","33/1618","181/18870",2.66006893427918e-05,0.000869174147589425,0.000650442464196365,"RARA/BCL6/SMAD7/JUNB/EGR3/RUNX1/SOX4/ZC3H12A/AMBRA1/ITPKB/DUSP10/NFKBIZ/NLRP3/ADAM8/RC3H1/VNN1/ZMIZ1/RIPK2/ANXA1/SHH/RUNX3/ACTB/SOCS1/PRDM1/ARID2/VSIR/IL4I1/CYP26B1/IRF1/ARID1A/LGALS9/GATA3/GLI2",33
"GO","GO:0010092","specification of animal organ identity","12/1618","36/18870",2.70073978172755e-05,0.000869174147589425,0.000650442464196365,"FGF2/MEF2C/FRS2/SIX1/SPRY1/ISL1/MESP1/BMP2/WNT2B/FGF1/EXT1/AR",12
"GO","GO:0009612","response to mechanical stimulus","37/1618","213/18870",2.71420269389617e-05,0.000869174147589425,0.000650442464196365,"SLC2A1/CXCR4/THBS1/ANKRD1/FOSL1/TXNIP/FOSB/GADD45A/FOS/PTGER4/FGF2/MAP3K1/CITED2/SOX9/EDN1/TNFRSF10A/ETV1/PTCH1/MYD88/IL1B/MAP3K14/NFKB1/NFKBIA/DDR2/MMP14/BCL10/MAP2K4/COL1A1/STRA6/IRF1/TMEM120A/FAS/PTGS2/TLR3/TUBA1A/STAT1/TLR4",37
"GO","GO:0006979","response to oxidative stress","59/1618","400/18870",2.72903534487731e-05,0.000869174147589425,0.000650442464196365,"FOSL1/TXNIP/PLK3/RHOB/JUN/FOS/MTF1/NFE2L2/EDN1/ZC3H12A/ANKZF1/KDM6B/FOXP1/PNPT1/IL1A/MGAT3/OXR1/MAP3K5/SESN1/RBPMS/VNN1/RIPK1/TP53INP1/GPX2/ERCC6/NEIL1/NR4A2/UCP2/HYAL1/ALDH3B1/ERCC6L2/ANXA1/ALOX5/GGT7/FOXO4/NAPRT/PNKP/RCAN1/KLF2/MYB/SDC1/TMEM161A/LRRK2/DDR2/MMP14/MPV17/OGG1/MAP2K4/PRKD1/COL1A1/UCP3/TNFAIP3/IL6/APOE/SIRT1/SIRT2/DHFR/PTGS2/STAT1",59
"GO","GO:0070372","regulation of ERK1 and ERK2 cascade","49/1618","313/18870",2.74219204248743e-05,0.000869174147589425,0.000650442464196365,"PDGFB/CCN2/SEMA7A/EPHA2/CCN1/LIF/F2RL1/DUSP6/INHBA/FGF2/DUSP4/CCL2/EPHB2/PRKD2/SPRY2/DUSP10/GAREM1/IL1A/IL1B/SEMA6A/FRS2/FLCN/SPRY1/RIPK2/NRG1/NOD1/GBP1/ICAM1/BMP2/ATF3/ERBB4/AGER/NOD2/GPER1/CNKSR3/TIMP3/ABCA7/CCL20/CASR/FGFR3/APOE/FGF1/LGALS9/SLC30A10/CXCL17/ACTA2/PTPN22/EPHA4/TLR4",49
"GO","GO:0036294","cellular response to decreased oxygen levels","30/1618","158/18870",2.74366174569316e-05,0.000869174147589425,0.000650442464196365,"MYC/PLK3/FOS/CPEB4/EGR1/CITED2/NFE2L2/STC1/EDN1/GATA6/TIGAR/NOP53/ADAM8/NKX3-1/PMAIP1/EGLN3/RGCC/NDRG1/ZFP36L1/DDR2/PGK1/UCN3/CASR/SIRT1/SIRT2/PTGS2/PRKCE/PTGIS/EPHA4/TMBIM6",30
"GO","GO:2001236","regulation of extrinsic apoptotic signaling pathway","30/1618","158/18870",2.74366174569316e-05,0.000869174147589425,0.000650442464196365,"SKIL/THBS1/INHBA/PML/SERPINE1/TNFSF10/BCL2L14/IL1A/IL1B/TCF7L2/FGFR1/CTTN/RIPK1/ICAM1/EYA1/ATF3/CSF2/PMAIP1/ITPRIP/GPER1/BCL10/G0S2/TIMP3/LGALS3/TNFAIP3/DEPTOR/EYA4/TRAF1/AR/TLR4",30
"GO","GO:0048608","reproductive structure development","48/1618","305/18870",2.87201621194559e-05,0.000903709232511778,0.000676286635701494,"RARA/LFNG/INHBA/ARID5B/WNT7A/CITED2/SOX9/SIX4/TNFSF10/GATA6/ZFX/PTCH1/AKR1C3/IL1A/SPATA2/FRS2/WDR77/EREG/ANXA1/NKX3-1/KDM5B/SHH/TNFAIP6/ARID4B/HOXA13/WNT2B/SDC1/FST/LHX9/NOG/TIPARP/GNRH1/CDKN1C/MMP14/HOXB13/ACVR2A/STRA6/SIRT1/TP63/ACE/INHA/AR/ADAMTS1/GATA3/ANG/FNDC3A/TLR3/PSAP",48
"GO","GO:0072088","nephron epithelium morphogenesis","19/1618","79/18870",2.88368360348586e-05,0.000903709232511778,0.000676286635701494,"MYC/LIF/FGF2/SOX9/SIX4/PTCH1/PBX1/SIX1/GZF1/BMP2/EYA1/SHH/WNT2B/NOG/CTNS/FGF1/DCHS1/GATA3/STAT1",19
"GO","GO:0030278","regulation of ossification","25/1618","121/18870",2.90104546248389e-05,0.000904288449241636,0.000676720089869588,"CCN1/SMAD7/CHSY1/PTGER4/SOX9/DHRS3/BCOR/NBR1/EGR2/ACVR2B/OSR2/CSF1/PKDCC/MEF2C/PBX1/RUNX2/ADRB2/BMP2/ALOX5/SETD2/TENT5A/DDR2/AHSG/ACVR2A/ATRAID",25
"GO","GO:0090132","epithelium migration","56/1618","375/18870",3.04293637835542e-05,0.000943472135608176,0.000706043020823339,"PDGFB/THBS1/EPHA2/RHOB/EFNA1/GRHL2/GADD45A/HBEGF/EGR3/EDN2/FGF2/WNT7A/ID1/SOX9/NFE2L2/STC1/EDN1/PRKD2/ZC3H12A/FOXP1/PLK2/ADAMTS9/DUSP10/FERMT1/MEF2C/FGFR1/HDAC5/FOXC2/EFNB2/S100A2/HYAL1/ANXA1/SH3BP1/ADGRA2/RREB1/RGCC/PLEKHG5/STARD13/BCAS3/S100P/PRKD1/JCAD/APOE/FGF1/SIRT1/CORO1B/FGFBP1/GATA3/PLCG2/FAP/PTGS2/PRKCE/IRS2/SNAI1/HAS2/NR4A1",56
"GO","GO:0060349","bone morphogenesis","22/1618","100/18870",3.12631960161859e-05,0.000964196664435703,0.000721552126377469,"RARA/CHSY1/CITED2/SOX9/RARB/DHRS3/STC1/OSR2/MEF2C/FOSL2/THBS3/RUNX2/ATG9B/MMP14/SP5/MEF2D/COL1A1/CYP26B1/FGFR3/MMP16/EXT1/HAS2",22
"GO","GO:0043370","regulation of CD4-positive, alpha-beta T cell differentiation","15/1618","56/18870",5.18289154551202e-05,0.0014594722134681,0.00109218929898814,"RARA/BCL6/SMAD7/JUNB/RUNX1/ZC3H12A/NFKBIZ/NLRP3/RC3H1/RIPK2/ANXA1/RUNX3/SOCS1/LGALS9/GATA3",15
"GO","GO:2000515","negative regulation of CD4-positive, alpha-beta T cell activation","11/1618","35/18870",0.00010726587239508,0.00242308830146316,0.00181330695366422,"BCL6/SMAD7/RUNX1/ZC3H12A/RC3H1/CD274/CBLB/ANXA1/RUNX3/VSIR/LGALS9",11
"GO","GO:0035872","nucleotide-binding domain, leucine rich repeat containing receptor signaling pathway","9/1618","29/18870",0.000504288269138159,0.00746065056042215,0.00558314343389936,"BIRC3/RIPK2/NOD1/NFKBIA/NOD2/TNFAIP3/PTPN22/SLC15A3/TLR4",9
